19.75,0.48201,0.64351,0.55559,0.69206,0.62907,0.3232,0.57926,0.71971,0.73977,0.70526,1.7654e-05,2.5224e-05,2.2176e-05,3.4316e-05,2.6584e-05,1.2102e-05,1.6517e-05,4.3016e-05,3.2376e-05,3.9227e-05,0.66026,0.65478,0.61199,0.49033,0.47779,0.61836,0.59482,0.5531,0.72203,0.61897
20,0.48966,0.64913,0.57857,0.68734,0.64253,0.31007,0.61166,0.71889,0.74041,0.70093,1.7802e-05,2.5814e-05,2.2566e-05,3.4322e-05,2.6747e-05,1.2114e-05,1.608e-05,4.3133e-05,3.254e-05,3.926e-05,0.67549,0.66927,0.62734,0.49316,0.48341,0.62384,0.59442,0.55632,0.73199,0.61991
20.25,0.49667,0.64231,0.54882,0.68819,0.62634,0.29692,0.60142,0.72506,0.7408,0.69789,1.7833e-05,2.5826e-05,2.2116e-05,3.431e-05,2.6715e-05,1.2233e-05,1.6199e-05,4.304e-05,3.2916e-05,3.9324e-05,0.68373,0.67359,0.61164,0.49983,0.48568,0.63134,0.58723,0.56564,0.74426,0.61454
20.5,0.4878,0.67213,0.55916,0.68085,0.63291,0.2774,0.59254,0.73471,0.74275,0.68107,1.7687e-05,2.6329e-05,2.1788e-05,3.4289e-05,2.6571e-05,1.1364e-05,1.6014e-05,4.3054e-05,3.2852e-05,3.8839e-05,0.67252,0.68926,0.60198,0.50537,0.48413,0.62308,0.5781,0.5728,0.75429,0.61074
20.75,0.46888,0.67353,0.56115,0.69772,0.63399,0.23559,0.5948,0.73624,0.73772,0.67068,1.7923e-05,2.6779e-05,2.1797e-05,3.3517e-05,2.666e-05,1.1225e-05,1.5966e-05,4.3114e-05,3.2624e-05,3.8404e-05,0.68222,0.69277,0.60552,0.50974,0.48723,0.64015,0.57065,0.57428,0.75489,0.60733
21,0.48852,0.65935,0.56412,0.68706,0.63255,0.24983,0.5867,0.73293,0.74275,0.66557,1.8008e-05,2.669e-05,2.2095e-05,3.3865e-05,2.664e-05,1.1076e-05,1.5907e-05,4.3102e-05,3.2555e-05,3.7334e-05,0.6869,0.68184,0.61297,0.51323,0.491,0.65657,0.56745,0.57538,0.75315,0.59641
21.25,0.47444,0.66345,0.55071,0.68092,0.63466,0.25292,0.58117,0.73095,0.74523,0.67721,1.7883e-05,2.6932e-05,2.1998e-05,3.393e-05,2.6928e-05,1.109e-05,1.5881e-05,4.3059e-05,3.4286e-05,3.6878e-05,0.69037,0.68038,0.61088,0.51301,0.49484,0.66809,0.56725,0.57608,0.74919,0.58645
21.5,0.47877,0.65181,0.55216,0.67599,0.63273,0.24968,0.57834,0.74214,0.74833,0.6792,1.7648e-05,2.6934e-05,2.1842e-05,3.3393e-05,2.7047e-05,1.1102e-05,1.5744e-05,4.306e-05,3.5489e-05,3.7192e-05,0.6958,0.67264,0.60414,0.50581,0.49648,0.67326,0.56353,0.57672,0.74394,0.58906
21.75,0.48212,0.65106,0.55558,0.67366,0.65857,0.2543,0.58155,0.7393,0.77181,0.68045,1.7841e-05,2.6993e-05,2.2475e-05,3.3374e-05,2.8269e-05,1.1111e-05,1.5707e-05,4.2902e-05,3.7513e-05,3.6939e-05,0.70805,0.66278,0.60625,0.50066,0.50169,0.67915,0.56309,0.57435,0.74314,0.59317
22,0.48013,0.65526,0.53401,0.68225,0.69041,0.287,0.58402,0.73818,0.7606,0.68174,1.7854e-05,2.6967e-05,2.2048e-05,3.2591e-05,3.0254e-05,1.2487e-05,1.5697e-05,4.3162e-05,3.8145e-05,3.7378e-05,0.71096,0.65076,0.59568,0.49258,0.51619,0.70736,0.56345,0.57351,0.73999,0.59594
22.25,0.47894,0.66518,0.51842,0.68211,0.67598,0.3302,0.59358,0.74486,0.75268,0.66747,1.7878e-05,2.8195e-05,2.1849e-05,3.2621e-05,3.047e-05,1.3003e-05,1.5538e-05,4.4071e-05,3.8193e-05,3.7364e-05,0.71195,0.6499,0.59294,0.49511,0.516,0.7202,0.56477,0.57316,0.736,0.59967
22.5,0.4699,0.69461,0.52751,0.67777,0.66604,0.32437,0.59321,0.74931,0.75119,0.66873,1.8127e-05,3.0209e-05,2.1181e-05,3.2818e-05,3.0464e-05,1.3068e-05,1.5515e-05,4.4918e-05,3.8193e-05,3.7324e-05,0.72495,0.6501,0.57777,0.49927,0.51927,0.72472,0.56426,0.57255,0.73347,0.60163
22.75,0.4581,0.69265,0.52959,0.70205,0.66508,0.31941,0.58914,0.72994,0.75256,0.67775,1.8072e-05,3.1263e-05,2.1399e-05,3.3406e-05,3.0612e-05,1.2717e-05,1.5567e-05,4.4846e-05,3.9569e-05,3.7104e-05,0.729,0.64475,0.57852,0.50566,0.52101,0.72498,0.56332,0.5714,0.73471,0.60539
23,0.4315,0.6942,0.52159,0.66289,0.66319,0.30958,0.59136,0.72136,0.76232,0.6881,1.7685e-05,3.1172e-05,2.2155e-05,3.3437e-05,3.0604e-05,1.2617e-05,1.5315e-05,4.4235e-05,4.1238e-05,3.8124e-05,0.7341,0.62969,0.58727,0.51332,0.52405,0.73728,0.55213,0.56352,0.73372,0.61204
23.25,0.43475,0.70203,0.51483,0.65914,0.66605,0.3173,0.58673,0.71502,0.75706,0.69841,1.7179e-05,3.1889e-05,2.1179e-05,3.3333e-05,3.0282e-05,1.2893e-05,1.5295e-05,4.3173e-05,4.1646e-05,3.8889e-05,0.72783,0.62554,0.58024,0.51509,0.52803,0.7611,0.54728,0.55275,0.72031,0.61402
23.5,0.4422,0.7228,0.51182,0.65307,0.66206,0.33075,0.56933,0.71728,0.75267,0.69459,1.7351e-05,3.242e-05,2.0608e-05,3.3145e-05,3.1482e-05,1.3238e-05,1.5255e-05,4.3097e-05,4.1432e-05,3.9082e-05,0.72779,0.61695,0.58013,0.51581,0.55009,0.7897,0.54811,0.55252,0.70522,0.61816
23.75,0.45076,0.7516,0.51021,0.63589,0.66363,0.33857,0.56353,0.72191,0.74931,0.67545,1.7622e-05,3.2932e-05,2.1062e-05,3.2771e-05,3.2005e-05,1.307e-05,1.513e-05,4.3041e-05,4.1223e-05,3.9137e-05,0.72562,0.61572,0.59621,0.51511,0.56792,0.7957,0.54449,0.55239,0.69293,0.62423
24,0.46283,0.74242,0.52248,0.64059,0.66744,0.32632,0.56149,0.7318,0.74517,0.68877,1.7862e-05,3.3214e-05,2.1584e-05,3.105e-05,3.2048e-05,1.3332e-05,1.5481e-05,4.3614e-05,4.0753e-05,3.835e-05,0.72496,0.61047,0.61348,0.49904,0.58121,0.81091,0.5584,0.55889,0.68107,0.6205
24.25,0.46763,0.7328,0.50737,0.65752,0.66318,0.28643,0.56484,0.74063,0.75182,0.69284,1.7952e-05,3.325e-05,2.157e-05,3.0645e-05,3.2069e-05,1.2994e-05,1.5669e-05,4.4556e-05,4.0387e-05,3.807e-05,0.71489,0.61343,0.61674,0.49709,0.59089,0.78785,0.56808,0.57203,0.67017,0.62052
24.5,0.45308,0.73968,0.48822,0.67057,0.65903,0.30329,0.58626,0.73251,0.74996,0.68733,1.7928e-05,3.3942e-05,2.1506e-05,3.0778e-05,3.2244e-05,1.2505e-05,1.5485e-05,4.4642e-05,4.0427e-05,3.7766e-05,0.71247,0.62224,0.61858,0.50687,0.59572,0.75993,0.56626,0.57422,0.6708,0.62911
24.75,0.44337,0.75183,0.53115,0.6656,0.66342,0.30627,0.57984,0.73932,0.75276,0.68233,1.7734e-05,3.3751e-05,2.1037e-05,3.0554e-05,3.2434e-05,1.2781e-05,1.5539e-05,4.3137e-05,4.1294e-05,3.7203e-05,0.70245,0.62428,0.61659,0.50833,0.59756,0.78028,0.57126,0.57317,0.68444,0.63742
25,0.43361,0.75219,0.52811,0.68261,0.64465,0.29728,0.59114,0.73552,0.75096,0.66407,1.7401e-05,3.3783e-05,2.1067e-05,3.0016e-05,3.1888e-05,1.2499e-05,1.5318e-05,4.2679e-05,4.1246e-05,3.7047e-05,0.68488,0.62162,0.61504,0.5035,0.59974,0.76223,0.5663,0.57538,0.68361,0.65366
25.25,0.42481,0.7546,0.51854,0.6778,0.65096,0.29979,0.58732,0.72861,0.76206,0.62828,1.7422e-05,3.3638e-05,2.1278e-05,2.9978e-05,3.0338e-05,1.2455e-05,1.5474e-05,4.293e-05,4.0634e-05,3.4819e-05,0.68355,0.61642,0.62411,0.51259,0.59523,0.75786,0.57024,0.5868,0.67489,0.65289
25.5,0.4243,0.75426,0.50363,0.66896,0.64972,0.29909,0.56632,0.69736,0.76589,0.61635,1.729e-05,3.3504e-05,2.0168e-05,2.9852e-05,2.9948e-05,1.2457e-05,1.5482e-05,4.1828e-05,4.1376e-05,3.203e-05,0.6751,0.61073,0.60086,0.5199,0.59771,0.75571,0.58068,0.58798,0.68886,0.64496
25.75,0.42275,0.75646,0.54701,0.66855,0.66383,0.29025,0.54548,0.747,0.7632,0.61909,1.7338e-05,3.3844e-05,2.0059e-05,2.9422e-05,2.9664e-05,1.2842e-05,1.5479e-05,3.9103e-05,3.9981e-05,3.0619e-05,0.67129,0.61542,0.60039,0.52324,0.60089,0.74703,0.58452,0.5756,0.68531,0.65192
26,0.43315,0.75387,0.57774,0.66534,0.66013,0.32173,0.55868,0.74605,0.76141,0.58793,1.7393e-05,3.37e-05,2.0385e-05,2.9465e-05,2.9898e-05,1.2631e-05,1.517e-05,3.9231e-05,3.9879e-05,3.0322e-05,0.66834,0.6186,0.62114,0.529,0.60122,0.72497,0.5872,0.57433,0.68959,0.65876
26.25,0.42696,0.74383,0.58742,0.65433,0.668,0.34188,0.56538,0.7467,0.76416,0.54333,1.7363e-05,3.3447e-05,2.0921e-05,2.912e-05,2.8832e-05,1.2379e-05,1.5547e-05,3.933e-05,4.0509e-05,2.8165e-05,0.65208,0.61707,0.63762,0.53738,0.58723,0.72444,0.59157,0.57242,0.70425,0.65532
26.5,0.40809,0.73707,0.59429,0.66746,0.67406,0.34883,0.61076,0.74705,0.76789,0.54108,1.7126e-05,3.29e-05,2.1383e-05,2.902e-05,2.88e-05,1.2652e-05,1.6775e-05,3.9464e-05,4.1243e-05,2.5407e-05,0.64206,0.61601,0.65129,0.54822,0.5874,0.73294,0.61085,0.57069,0.71941,0.64322
26.75,0.43431,0.75901,0.60223,0.66182,0.66554,0.37092,0.56252,0.74593,0.78003,0.54588,1.7479e-05,3.2239e-05,2.1562e-05,2.8997e-05,2.847e-05,1.3086e-05,1.6666e-05,3.957e-05,4.0644e-05,2.4678e-05,0.64982,0.61311,0.65683,0.55465,0.59601,0.75141,0.6106,0.56706,0.71305,0.65384
27,0.38585,0.76771,0.60788,0.63942,0.67761,0.40161,0.56124,0.74325,0.78182,0.54593,1.6572e-05,3.2904e-05,2.178e-05,2.8424e-05,2.8341e-05,1.3742e-05,1.6667e-05,4.0131e-05,4.1014e-05,2.4669e-05,0.64144,0.60954,0.66427,0.55055,0.60745,0.77741,0.61518,0.56267,0.72126,0.66735
27.25,0.40702,0.77579,0.61591,0.66936,0.68734,0.39515,0.54903,0.75286,0.77517,0.55048,1.575e-05,3.3166e-05,2.2705e-05,2.6989e-05,2.884e-05,1.3746e-05,1.6819e-05,4.0779e-05,4.0837e-05,2.4684e-05,0.64297,0.60893,0.69085,0.53536,0.62276,0.77721,0.63263,0.55428,0.71894,0.67509
27.5,0.42781,0.76646,0.63172,0.66575,0.70202,0.3982,0.54051,0.71572,0.77728,0.52874,1.6302e-05,3.3185e-05,2.2251e-05,2.7041e-05,2.9696e-05,1.3665e-05,1.6641e-05,3.9838e-05,4.1446e-05,2.4103e-05,0.66221,0.60585,0.70475,0.54421,0.64012,0.76519,0.64689,0.54186,0.73218,0.6652
27.75,0.44056,0.76326,0.63754,0.65653,0.69028,0.39383,0.49551,0.75221,0.77009,0.51269,1.6436e-05,3.2928e-05,2.2528e-05,2.6735e-05,2.9863e-05,1.3957e-05,1.6118e-05,3.8391e-05,4.1492e-05,2.2899e-05,0.66817,0.60006,0.72341,0.54645,0.64929,0.75734,0.65089,0.52666,0.73622,0.64383
28,0.44169,0.76388,0.63691,0.67102,0.69147,0.4129,0.48497,0.75966,0.77325,0.49878,1.6279e-05,3.3292e-05,2.3005e-05,2.6173e-05,2.9374e-05,1.4432e-05,1.4627e-05,3.8367e-05,4.1945e-05,2.2083e-05,0.65761,0.60427,0.7455,0.54562,0.65789,0.75256,0.64374,0.53033,0.74954,0.63176
28.25,0.45282,0.76711,0.63165,0.65897,0.70057,0.43738,0.49542,0.75496,0.78349,0.47631,1.7028e-05,3.3526e-05,2.2313e-05,2.6487e-05,2.898e-05,1.5154e-05,1.4095e-05,3.8402e-05,4.2579e-05,2.1489e-05,0.67532,0.60654,0.74743,0.55246,0.66304,0.74755,0.64904,0.52577,0.76322,0.62368
28.5,0.45857,0.78684,0.62972,0.64306,0.70142,0.43389,0.49982,0.75884,0.76464,0.49542,1.7213e-05,3.3567e-05,2.2183e-05,2.6566e-05,2.9098e-05,1.507e-05,1.4355e-05,3.932e-05,4.2269e-05,2.0696e-05,0.67653,0.6062,0.74443,0.56288,0.66856,0.72964,0.67025,0.52651,0.7761,0.61326
28.75,0.46541,0.77384,0.63788,0.64397,0.6871,0.44248,0.48053,0.74794,0.76686,0.48595,1.7461e-05,3.2971e-05,2.285e-05,2.6685e-05,2.8422e-05,1.5537e-05,1.4306e-05,3.9222e-05,4.0242e-05,2.0673e-05,0.68095,0.60399,0.74239,0.57502,0.65276,0.72447,0.67781,0.51955,0.78054,0.61794
29,0.44567,0.77939,0.65191,0.64024,0.68915,0.40112,0.47482,0.76006,0.74017,0.45875,1.7421e-05,3.2516e-05,2.3145e-05,2.6622e-05,2.7617e-05,1.5971e-05,1.4005e-05,3.8427e-05,3.8944e-05,2.0118e-05,0.6685,0.6035,0.73943,0.58275,0.63722,0.73593,0.6924,0.50734,0.78345,0.60845
29.25,0.43937,0.78126,0.64078,0.64714,0.67948,0.41906,0.45209,0.7636,0.73512,0.4355,1.713e-05,3.2781e-05,2.3185e-05,2.6696e-05,2.7922e-05,1.6436e-05,1.381e-05,3.8298e-05,3.6461e-05,1.9157e-05,0.65051,0.61056,0.72723,0.5942,0.62994,0.75674,0.69848,0.50438,0.78363,0.59351
29.5,0.44036,0.78603,0.63533,0.64452,0.65944,0.41465,0.46676,0.7588,0.74404,0.44852,1.7009e-05,3.3065e-05,2.2733e-05,2.6796e-05,2.7532e-05,1.674e-05,1.3746e-05,3.8344e-05,3.4582e-05,1.8355e-05,0.64079,0.61487,0.69766,0.6095,0.62033,0.77002,0.70316,0.50844,0.78145,0.57955
29.75,0.42738,0.79298,0.64127,0.65145,0.64557,0.39728,0.49046,0.75355,0.73466,0.44392,1.7529e-05,3.3529e-05,2.2016e-05,2.6292e-05,2.7464e-05,1.5585e-05,1.4463e-05,3.8229e-05,3.4363e-05,1.8466e-05,0.63582,0.62483,0.67151,0.62326,0.60862,0.75589,0.71427,0.51095,0.7936,0.58188
30,0.46566,0.78269,0.64269,0.65813,0.64921,0.39977,0.47789,0.75785,0.7239,0.4538,1.9337e-05,3.3449e-05,2.202e-05,2.6281e-05,2.6564e-05,1.5069e-05,1.4511e-05,3.89e-05,3.3354e-05,1.8915e-05,0.64627,0.62169,0.66613,0.63945,0.58865,0.74536,0.71855,0.5257,0.79849,0.58726
30.25,0.57958,0.78001,0.64029,0.66796,0.65104,0.40461,0.47468,0.7393,0.70987,0.46142,2.3097e-05,3.34e-05,2.2001e-05,2.643e-05,2.6395e-05,1.5848e-05,1.4352e-05,3.887e-05,3.2383e-05,1.9178e-05,0.67189,0.61963,0.6613,0.65488,0.58164,0.74324,0.72333,0.52946,0.80549,0.59148
30.5,0.64354,0.7868,0.64543,0.66693,0.65292,0.38966,0.47697,0.73772,0.72853,0.45285,2.6691e-05,3.3633e-05,2.2383e-05,2.6556e-05,2.7099e-05,1.5732e-05,1.5108e-05,3.8823e-05,3.1506e-05,1.913e-05,0.69814,0.62195,0.65682,0.67582,0.58095,0.7224,0.73732,0.53203,0.79731,0.58939
30.75,0.60866,0.79146,0.65803,0.66488,0.67083,0.38571,0.51273,0.73712,0.73996,0.44897,2.7247e-05,3.4135e-05,2.2943e-05,2.6679e-05,2.8927e-05,1.568e-05,1.5239e-05,3.8762e-05,3.2699e-05,1.8896e-05,0.69342,0.62872,0.64919,0.70139,0.5854,0.7033,0.74279,0.53494,0.79503,0.58841
31,0.63046,0.77289,0.67178,0.62907,0.65635,0.39391,0.50417,0.74109,0.72824,0.4547,2.7266e-05,3.4115e-05,2.3383e-05,2.6201e-05,2.8993e-05,1.665e-05,1.495e-05,3.8718e-05,3.2346e-05,1.902e-05,0.68902,0.62411,0.64435,0.71688,0.57331,0.69505,0.7296,0.54006,0.76964,0.59674
31.25,0.63314,0.76817,0.66196,0.59366,0.66186,0.40646,0.50756,0.74976,0.73922,0.45792,2.7422e-05,3.4462e-05,2.3178e-05,2.3835e-05,2.818e-05,1.6929e-05,1.528e-05,3.9001e-05,3.2363e-05,1.9034e-05,0.68476,0.62943,0.6286,0.71634,0.55758,0.67775,0.72699,0.54635,0.7469,0.60384
31.5,0.64948,0.77306,0.66419,0.53917,0.66153,0.40428,0.51285,0.75972,0.73605,0.46692,2.7649e-05,3.5091e-05,2.338e-05,2.1522e-05,2.818e-05,1.6948e-05,1.5482e-05,4.0247e-05,3.2539e-05,1.8731e-05,0.67534,0.63828,0.61589,0.71215,0.55672,0.66097,0.72561,0.56508,0.73253,0.59904
31.75,0.63932,0.75197,0.69394,0.55811,0.66689,0.41165,0.48143,0.75562,0.73624,0.46927,2.7227e-05,3.4942e-05,2.4466e-05,1.9047e-05,2.8531e-05,1.728e-05,1.5793e-05,4.0519e-05,3.2687e-05,1.901e-05,0.669,0.63191,0.61101,0.71063,0.55652,0.64567,0.7419,0.57549,0.71585,0.61332
32,0.67996,0.76193,0.73312,0.52395,0.65625,0.41534,0.46971,0.7577,0.72745,0.47488,2.6142e-05,3.5209e-05,2.7054e-05,1.8609e-05,2.8296e-05,1.7162e-05,1.5287e-05,4.1203e-05,3.2346e-05,1.9209e-05,0.6593,0.63415,0.62599,0.72302,0.55146,0.63006,0.72188,0.58791,0.69684,0.62544
32.25,0.68017,0.7668,0.78051,0.49737,0.66026,0.41178,0.46526,0.78182,0.72368,0.47245,2.6094e-05,3.6001e-05,3.1376e-05,1.7765e-05,2.8373e-05,1.7051e-05,1.5146e-05,4.1166e-05,3.1801e-05,1.9183e-05,0.65042,0.64753,0.65304,0.73492,0.55239,0.62289,0.71385,0.59135,0.67836,0.626
32.5,0.68853,0.75358,0.76061,0.46322,0.65762,0.41886,0.47297,0.78343,0.72778,0.48902,2.6271e-05,3.5873e-05,3.2533e-05,1.7302e-05,2.859e-05,1.7027e-05,1.5225e-05,4.179e-05,3.1476e-05,1.9138e-05,0.64377,0.64639,0.6541,0.76284,0.56344,0.62105,0.70581,0.60529,0.66213,0.63036
32.75,0.67734,0.75666,0.75649,0.43491,0.67101,0.42931,0.46614,0.7894,0.72447,0.48022,2.6116e-05,3.5724e-05,3.3385e-05,1.596e-05,2.8702e-05,1.7164e-05,1.525e-05,4.2747e-05,3.1471e-05,1.8931e-05,0.64769,0.63812,0.65231,0.7636,0.57504,0.61739,0.71157,0.62369,0.6559,0.62804
33,0.6729,0.75753,0.73858,0.41082,0.63555,0.4599,0.45757,0.78566,0.72417,0.50315,2.6049e-05,3.6101e-05,3.2671e-05,1.6135e-05,2.8526e-05,1.8729e-05,1.4685e-05,4.3105e-05,3.1341e-05,1.8814e-05,0.64621,0.63406,0.6444,0.77877,0.57425,0.65144,0.68947,0.63748,0.64592,0.62778
33.25,0.67333,0.76756,0.74455,0.41869,0.64727,0.49758,0.44726,0.77901,0.71648,0.45893,2.6034e-05,3.7445e-05,3.2998e-05,1.5747e-05,2.7957e-05,2.0107e-05,1.4469e-05,4.3444e-05,3.1978e-05,1.7834e-05,0.64534,0.63004,0.63986,0.78558,0.58142,0.67778,0.681,0.653,0.63702,0.62252
33.5,0.673,0.76528,0.73614,0.42175,0.65312,0.5298,0.43683,0.7448,0.71436,0.48422,2.6229e-05,3.8201e-05,3.287e-05,1.5558e-05,2.8594e-05,2.0517e-05,1.445e-05,4.1918e-05,3.1656e-05,1.6438e-05,0.64947,0.62192,0.63563,0.79703,0.59558,0.67942,0.68067,0.6558,0.61822,0.61033
33.75,0.67058,0.7627,0.73245,0.42356,0.65547,0.54658,0.45225,0.75202,0.71334,0.45939,2.6242e-05,3.85e-05,3.2873e-05,1.5628e-05,2.851e-05,2.0992e-05,1.4205e-05,3.8376e-05,3.1973e-05,1.6344e-05,0.64922,0.60993,0.62619,0.80223,0.60043,0.69692,0.67211,0.64399,0.60617,0.61598
34,0.67401,0.77821,0.73037,0.43375,0.66172,0.52855,0.46538,0.74447,0.73183,0.43061,2.6255e-05,3.8072e-05,3.2508e-05,1.6198e-05,2.8994e-05,2.077e-05,1.4596e-05,3.6869e-05,3.1725e-05,1.4905e-05,0.65104,0.59373,0.61059,0.80971,0.60941,0.69053,0.68759,0.64273,0.58809,0.60295
34.25,0.67343,0.76538,0.72928,0.40999,0.65187,0.52382,0.46221,0.74523,0.74234,0.42174,2.5836e-05,3.8045e-05,3.2171e-05,1.6155e-05,2.8961e-05,2.1737e-05,1.4619e-05,3.5704e-05,3.2722e-05,1.4077e-05,0.64183,0.59132,0.59996,0.81129,0.61358,0.68777,0.68827,0.64088,0.58524,0.5994
34.5,0.67098,0.76881,0.73029,0.41374,0.64667,0.54375,0.47197,0.72164,0.75038,0.42885,2.5914e-05,3.8227e-05,3.2499e-05,1.5753e-05,2.8329e-05,2.247e-05,1.4941e-05,3.4947e-05,3.3779e-05,1.3909e-05,0.64334,0.58599,0.60102,0.78759,0.61133,0.6826,0.70106,0.64256,0.58253,0.60851
34.75,0.6818,0.75353,0.74251,0.42875,0.65388,0.54307,0.48323,0.69526,0.72724,0.43763,2.5864e-05,3.8648e-05,3.3658e-05,1.6601e-05,2.8371e-05,2.2576e-05,1.528e-05,3.4241e-05,3.3457e-05,1.4183e-05,0.6426,0.59338,0.61238,0.7913,0.61024,0.66568,0.71876,0.6398,0.57754,0.62441
35,0.67724,0.76636,0.74723,0.44498,0.65962,0.55208,0.46909,0.66912,0.72501,0.43489,2.583e-05,4.0545e-05,3.4503e-05,1.7191e-05,2.8737e-05,2.2751e-05,1.5229e-05,3.1321e-05,3.3273e-05,1.4215e-05,0.64213,0.61614,0.61996,0.79104,0.60881,0.65052,0.71858,0.6259,0.57207,0.63025
35.25,0.68299,0.77828,0.75927,0.42169,0.66372,0.56259,0.4685,0.69148,0.72441,0.43412,2.6276e-05,4.1456e-05,3.5666e-05,1.6885e-05,2.9377e-05,2.3255e-05,1.5661e-05,3.0255e-05,3.3433e-05,1.3985e-05,0.65305,0.63656,0.63181,0.76432,0.60432,0.64231,0.74054,0.6264,0.56755,0.6227
35.5,0.68733,0.77936,0.75735,0.39788,0.66052,0.58192,0.48549,0.69534,0.72228,0.42917,2.6661e-05,4.2285e-05,3.6452e-05,1.6018e-05,2.9317e-05,2.4351e-05,1.6311e-05,3.0486e-05,3.3268e-05,1.3957e-05,0.66412,0.65257,0.63987,0.72293,0.59254,0.64059,0.76682,0.63314,0.5621,0.62367
35.75,0.67671,0.75093,0.76615,0.38941,0.66408,0.61522,0.45547,0.67671,0.72452,0.41365,2.6626e-05,4.2199e-05,3.6534e-05,1.5269e-05,2.9289e-05,2.6123e-05,1.6412e-05,3.0473e-05,3.3783e-05,1.3767e-05,0.66699,0.65173,0.63735,0.69198,0.58165,0.64654,0.78975,0.62729,0.55993,0.61708
36,0.67075,0.74705,0.77402,0.38534,0.65482,0.62394,0.40345,0.65983,0.73791,0.44638,2.6731e-05,4.2385e-05,3.7447e-05,1.5126e-05,2.9118e-05,2.7094e-05,1.4386e-05,2.9381e-05,3.3954e-05,1.3579e-05,0.67802,0.65109,0.64808,0.68193,0.57319,0.64353,0.75401,0.60418,0.55642,0.61288
36.25,0.66127,0.74171,0.77473,0.3735,0.65289,0.61117,0.3986,0.63809,0.74005,0.43356,2.6436e-05,4.2049e-05,3.7985e-05,1.5024e-05,2.8804e-05,2.7116e-05,1.4097e-05,2.8621e-05,3.4258e-05,1.3468e-05,0.68742,0.64886,0.65419,0.66929,0.56149,0.63224,0.76643,0.59116,0.55314,0.61687
36.5,0.67819,0.71984,0.75979,0.40195,0.65,0.62299,0.42194,0.61725,0.73011,0.42532,2.5881e-05,4.0876e-05,3.8027e-05,1.4716e-05,2.8475e-05,2.694e-05,1.439e-05,2.7403e-05,3.4257e-05,1.3309e-05,0.69672,0.64833,0.65062,0.65038,0.55137,0.62027,0.7808,0.56871,0.54961,0.62238
36.75,0.67617,0.71205,0.7556,0.38997,0.63348,0.63529,0.43993,0.61406,0.72818,0.41663,2.5903e-05,3.9818e-05,3.8004e-05,1.4407e-05,2.8268e-05,2.7026e-05,1.4619e-05,2.6526e-05,3.4223e-05,1.3184e-05,0.70441,0.64466,0.64683,0.6446,0.54738,0.62606,0.78194,0.55042,0.54507,0.62175
37,0.68485,0.69643,0.76223,0.38884,0.63338,0.64615,0.3866,0.61074,0.72953,0.42196,2.5928e-05,3.9743e-05,3.8042e-05,1.4136e-05,2.8081e-05,2.739e-05,1.5261e-05,2.6106e-05,3.4874e-05,1.3164e-05,0.71215,0.64347,0.64465,0.63972,0.54446,0.62811,0.77184,0.53661,0.54958,0.62173
37.25,0.70501,0.72867,0.74564,0.39516,0.63612,0.64961,0.37963,0.6123,0.71053,0.40121,2.5586e-05,3.9582e-05,3.8326e-05,1.4078e-05,2.8279e-05,2.769e-05,1.5236e-05,2.586e-05,3.4782e-05,1.3948e-05,0.70518,0.64175,0.63956,0.63434,0.54684,0.63365,0.75375,0.52607,0.54494,0.64876
37.5,0.70657,0.7396,0.74168,0.38512,0.61278,0.65029,0.37395,0.62128,0.71013,0.40028,2.5706e-05,4.0665e-05,3.8342e-05,1.4071e-05,2.7706e-05,2.7672e-05,1.5237e-05,2.5976e-05,3.4111e-05,1.3498e-05,0.71656,0.64593,0.63629,0.62607,0.53439,0.63232,0.74306,0.51865,0.53324,0.63233
37.75,0.70478,0.7444,0.74011,0.40075,0.62328,0.65046,0.37293,0.61928,0.70769,0.41497,2.5785e-05,4.1903e-05,3.8581e-05,1.3669e-05,2.7766e-05,2.7612e-05,1.5164e-05,2.5566e-05,3.3914e-05,1.3354e-05,0.72745,0.6495,0.63926,0.60329,0.53051,0.62614,0.72818,0.51113,0.52835,0.62358
38,0.70359,0.7419,0.7494,0.40342,0.62712,0.65657,0.39347,0.634,0.71366,0.41037,2.5648e-05,4.2018e-05,3.9304e-05,1.3883e-05,2.796e-05,2.7549e-05,1.5747e-05,2.6525e-05,3.3613e-05,1.3176e-05,0.7371,0.64915,0.65161,0.6052,0.53152,0.61989,0.73782,0.51189,0.52236,0.62194
38.25,0.70995,0.73801,0.75235,0.44458,0.61999,0.66909,0.38827,0.61324,0.7173,0.42506,2.5452e-05,4.1991e-05,3.9889e-05,1.436e-05,2.7868e-05,2.7389e-05,1.5709e-05,2.6281e-05,3.3767e-05,1.309e-05,0.73958,0.64918,0.65879,0.62019,0.53198,0.61797,0.73134,0.50634,0.52325,0.61936
38.5,0.70904,0.73512,0.74527,0.45889,0.61758,0.67188,0.39176,0.61116,0.72716,0.41527,2.557e-05,4.1703e-05,3.9904e-05,1.4669e-05,2.7629e-05,2.7161e-05,1.5711e-05,2.6189e-05,3.3981e-05,1.3291e-05,0.73341,0.64254,0.65731,0.62,0.53288,0.60447,0.72132,0.49503,0.52789,0.60703
38.75,0.7186,0.73525,0.744,0.44057,0.62929,0.67603,0.39495,0.60578,0.73226,0.3705,2.6066e-05,4.1466e-05,3.9924e-05,1.4511e-05,2.7469e-05,2.751e-05,1.5713e-05,2.6261e-05,3.3967e-05,1.2965e-05,0.72652,0.63337,0.65444,0.60186,0.53502,0.59851,0.6994,0.48963,0.52655,0.59019
39,0.71697,0.72696,0.73415,0.44048,0.64156,0.66613,0.3984,0.60938,0.73587,0.38548,2.6167e-05,4.1391e-05,3.9587e-05,1.4562e-05,2.7254e-05,2.7471e-05,1.5678e-05,2.653e-05,3.4231e-05,1.2432e-05,0.72069,0.63189,0.65473,0.58889,0.5325,0.59386,0.68975,0.4877,0.5293,0.56912
39.25,0.71443,0.73098,0.74796,0.43766,0.64214,0.66555,0.38813,0.59994,0.73271,0.39137,2.6153e-05,4.161e-05,3.8889e-05,1.4614e-05,2.7383e-05,2.7515e-05,1.5981e-05,2.6432e-05,3.4393e-05,1.2566e-05,0.72286,0.63454,0.65049,0.5759,0.53894,0.58981,0.66743,0.47778,0.53153,0.57004
39.5,0.71025,0.72292,0.76325,0.4247,0.6576,0.66854,0.39048,0.60581,0.73542,0.40183,2.5933e-05,4.1679e-05,3.994e-05,1.431e-05,2.7483e-05,2.7498e-05,1.6078e-05,2.7395e-05,3.4146e-05,1.2886e-05,0.7166,0.63548,0.65179,0.55365,0.54693,0.58941,0.6476,0.47279,0.52852,0.57593
39.75,0.70799,0.70897,0.76972,0.43836,0.64298,0.68009,0.39534,0.60947,0.73558,0.41224,2.5612e-05,4.0727e-05,4.0797e-05,1.4384e-05,2.7088e-05,2.7214e-05,1.6106e-05,2.7884e-05,3.3899e-05,1.2896e-05,0.70753,0.6187,0.64341,0.53514,0.54107,0.58151,0.6269,0.46695,0.52564,0.57046
40,0.70912,0.71194,0.77581,0.46425,0.65784,0.68128,0.41206,0.60423,0.7366,0.42409,2.536e-05,4.006e-05,4.0538e-05,1.5225e-05,2.6483e-05,2.7368e-05,1.6722e-05,2.8039e-05,3.4142e-05,1.4029e-05,0.69773,0.60429,0.63132,0.53319,0.53352,0.58426,0.61518,0.45782,0.52852,0.60208
40.25,0.71351,0.70264,0.78527,0.49688,0.66186,0.68449,0.42265,0.59335,0.71704,0.43222,2.5339e-05,3.9796e-05,4.1485e-05,1.6068e-05,2.6762e-05,2.7535e-05,1.6663e-05,2.7388e-05,3.3522e-05,1.3562e-05,0.69727,0.59601,0.63287,0.52751,0.54149,0.59071,0.6007,0.44296,0.51979,0.59396
40.5,0.7256,0.69396,0.77526,0.54947,0.64566,0.69345,0.43222,0.58581,0.72345,0.43104,2.5266e-05,3.8886e-05,4.1625e-05,1.8118e-05,2.6902e-05,2.758e-05,1.7032e-05,2.7724e-05,3.3005e-05,1.3489e-05,0.70276,0.5855,0.63099,0.53746,0.54396,0.59438,0.58927,0.43324,0.51216,0.58261
40.75,0.71723,0.7002,0.76989,0.60973,0.65225,0.69971,0.45188,0.59642,0.72577,0.42382,2.5201e-05,3.8214e-05,4.1585e-05,1.9306e-05,2.7213e-05,2.8079e-05,1.7438e-05,2.8095e-05,3.3634e-05,1.3998e-05,0.69046,0.576,0.62842,0.53319,0.54743,0.60045,0.57933,0.42531,0.5124,0.57584
41,0.72638,0.69904,0.77793,0.64164,0.64854,0.70984,0.47734,0.60201,0.71294,0.44377,2.5138e-05,3.877e-05,4.1036e-05,2.0576e-05,2.7264e-05,2.8626e-05,1.8236e-05,2.8501e-05,3.3632e-05,1.4258e-05,0.67989,0.58401,0.61691,0.537,0.54936,0.60744,0.57176,0.41963,0.51329,0.56625
41.25,0.72968,0.71345,0.77927,0.60407,0.64932,0.6976,0.46157,0.59123,0.70737,0.4539,2.5394e-05,3.8836e-05,4.1036e-05,2.0514e-05,2.7114e-05,2.8603e-05,1.8105e-05,2.8432e-05,3.2061e-05,1.4677e-05,0.67835,0.58489,0.61408,0.52896,0.55217,0.60489,0.55295,0.41385,0.50816,0.56348
41.5,0.71436,0.71504,0.77193,0.59548,0.63086,0.69904,0.46244,0.5982,0.68862,0.49318,2.5441e-05,3.9231e-05,4.1783e-05,2.0435e-05,2.7167e-05,2.8857e-05,1.8328e-05,2.8781e-05,3.2016e-05,1.5189e-05,0.68013,0.59155,0.62625,0.52107,0.56086,0.61027,0.53861,0.40935,0.50918,0.5614
41.75,0.71898,0.71855,0.78167,0.60321,0.60247,0.67469,0.48719,0.62851,0.67364,0.49657,2.5298e-05,3.9672e-05,4.1628e-05,1.9957e-05,2.5966e-05,2.8971e-05,1.9528e-05,3.1162e-05,3.0116e-05,1.5565e-05,0.67646,0.60045,0.63466,0.51424,0.56329,0.60858,0.53369,0.41413,0.50216,0.55513
42,0.72236,0.71738,0.78548,0.61282,0.61077,0.6613,0.46086,0.59762,0.68168,0.54542,2.538e-05,4.0129e-05,4.2123e-05,2.0638e-05,2.3888e-05,2.7767e-05,1.9528e-05,3.1242e-05,2.9596e-05,1.5492e-05,0.67939,0.6097,0.64371,0.52148,0.5543,0.60563,0.52121,0.40861,0.50465,0.54507
42.25,0.73262,0.71185,0.78656,0.63155,0.62361,0.66511,0.46158,0.58032,0.68162,0.54319,2.5672e-05,4.0762e-05,4.201e-05,2.1997e-05,2.3648e-05,2.7088e-05,1.9567e-05,3.0336e-05,2.9554e-05,1.54e-05,0.69168,0.63042,0.6418,0.53908,0.5633,0.60309,0.50963,0.40008,0.50706,0.53019
42.5,0.73964,0.70852,0.78608,0.63346,0.61825,0.66199,0.46943,0.59858,0.68414,0.53214,2.561e-05,3.9352e-05,4.2106e-05,2.2684e-05,2.3648e-05,2.8803e-05,2.0287e-05,2.9592e-05,2.9566e-05,1.5621e-05,0.69044,0.63567,0.64575,0.55513,0.56722,0.61206,0.50261,0.39397,0.50788,0.52955
42.75,0.74135,0.70969,0.77652,0.7218,0.6225,0.64338,0.47668,0.59057,0.65978,0.50349,2.5834e-05,3.832e-05,4.1966e-05,2.2362e-05,2.3648e-05,2.8853e-05,2.0623e-05,2.9739e-05,2.8474e-05,1.5355e-05,0.69773,0.63786,0.6507,0.55912,0.57864,0.61023,0.49399,0.38829,0.50935,0.5232
43,0.73947,0.70681,0.78728,0.72697,0.62434,0.6354,0.46524,0.58539,0.65129,0.46008,2.5817e-05,3.8612e-05,4.0844e-05,2.2982e-05,2.3797e-05,2.8785e-05,2.0513e-05,2.978e-05,2.6795e-05,1.4129e-05,0.69249,0.65002,0.65601,0.56078,0.58848,0.60619,0.48434,0.38427,0.504,0.50097
43.25,0.75083,0.70542,0.78959,0.74802,0.63008,0.63164,0.47753,0.57834,0.65358,0.44969,2.6638e-05,3.8453e-05,4.0361e-05,2.4403e-05,2.3909e-05,2.9033e-05,2.057e-05,2.9782e-05,2.6042e-05,1.3167e-05,0.69907,0.66157,0.65867,0.57586,0.59788,0.60831,0.47483,0.37826,0.50655,0.4784
43.5,0.74676,0.68873,0.78863,0.74986,0.62255,0.63653,0.49461,0.57093,0.65621,0.48927,2.7129e-05,3.7781e-05,4.0859e-05,2.529e-05,2.2961e-05,2.8743e-05,2.0805e-05,2.8906e-05,2.6009e-05,1.3083e-05,0.70173,0.66618,0.65839,0.5822,0.58517,0.60111,0.46184,0.36558,0.51523,0.46758
43.75,0.74217,0.70473,0.78717,0.7625,0.60907,0.63584,0.50268,0.56154,0.66172,0.5143,2.7182e-05,3.7498e-05,4.0855e-05,2.6045e-05,2.2214e-05,2.8817e-05,2.1092e-05,2.8549e-05,2.6004e-05,1.4472e-05,0.70247,0.68154,0.6489,0.58443,0.57151,0.60143,0.45354,0.35799,0.52333,0.47078
44,0.74328,0.70119,0.79357,0.75402,0.6125,0.65523,0.4954,0.52761,0.65595,0.53829,2.7222e-05,3.6983e-05,4.0416e-05,2.6264e-05,2.2031e-05,2.9177e-05,2.0758e-05,2.8506e-05,2.5972e-05,1.4564e-05,0.70326,0.68205,0.63852,0.57976,0.56409,0.60467,0.43777,0.3491,0.52718,0.45417
44.25,0.74603,0.69339,0.78754,0.74501,0.63214,0.64776,0.4832,0.52152,0.66019,0.51367,2.7061e-05,3.7466e-05,4.0774e-05,2.629e-05,2.2025e-05,2.9282e-05,2.0705e-05,2.7443e-05,2.5861e-05,1.4582e-05,0.70541,0.67502,0.6461,0.56806,0.56184,0.60669,0.42872,0.33612,0.53087,0.44606
44.5,0.74552,0.71142,0.78577,0.74371,0.62104,0.65708,0.48278,0.52058,0.65686,0.51569,2.7041e-05,3.8578e-05,4.087e-05,2.6132e-05,2.1678e-05,3.0251e-05,2.0358e-05,2.7686e-05,2.5912e-05,1.4669e-05,0.70553,0.6659,0.65606,0.55299,0.56814,0.62189,0.4154,0.33434,0.53134,0.43918
44.75,0.74872,0.70767,0.79004,0.75071,0.62134,0.66334,0.49695,0.52554,0.65295,0.53033,2.7247e-05,3.9191e-05,4.0561e-05,2.6058e-05,2.1631e-05,3.0409e-05,2.1995e-05,2.7919e-05,2.5442e-05,1.5688e-05,0.71283,0.6589,0.66315,0.53833,0.57826,0.6217,0.42812,0.33255,0.52092,0.44954
45,0.7495,0.71678,0.79302,0.75974,0.6142,0.65202,0.50669,0.52272,0.65838,0.58682,2.7298e-05,4.0058e-05,4.0508e-05,2.6253e-05,2.1479e-05,3.041e-05,2.264e-05,2.8142e-05,2.5019e-05,1.6878e-05,0.71844,0.65001,0.66726,0.52857,0.58377,0.61782,0.42959,0.33081,0.5121,0.45962
45.25,0.75837,0.72921,0.79618,0.78385,0.61106,0.65285,0.56296,0.52393,0.64821,0.58487,2.7185e-05,4.1193e-05,4.0354e-05,2.8581e-05,2.1312e-05,3.0395e-05,2.5245e-05,2.7234e-05,2.4945e-05,1.7355e-05,0.71679,0.64305,0.66496,0.5297,0.59018,0.61266,0.45471,0.32022,0.51164,0.45922
45.5,0.76413,0.71896,0.79624,0.76423,0.60849,0.65262,0.62156,0.54248,0.67853,0.5932,2.7582e-05,4.1408e-05,4.0462e-05,2.9191e-05,2.1163e-05,3.0486e-05,2.808e-05,2.7885e-05,2.4752e-05,1.7465e-05,0.72922,0.63584,0.66909,0.51996,0.59436,0.60829,0.47698,0.32154,0.51008,0.45364
45.75,0.76103,0.72425,0.79063,0.7634,0.59797,0.65868,0.68539,0.56095,0.68441,0.60579,2.7696e-05,4.1771e-05,4.0099e-05,2.9244e-05,2.1285e-05,3.0141e-05,3.2338e-05,2.8827e-05,2.4758e-05,1.7349e-05,0.73896,0.62421,0.66403,0.5103,0.60718,0.60371,0.51457,0.32672,0.51625,0.44054
46,0.74887,0.72172,0.79063,0.76713,0.60472,0.65233,0.7064,0.58684,0.68632,0.61333,2.7688e-05,4.1729e-05,3.9533e-05,2.8973e-05,2.0986e-05,3.0236e-05,3.5593e-05,3.0534e-05,2.4969e-05,1.7352e-05,0.74021,0.61411,0.65706,0.50035,0.61262,0.60609,0.53976,0.33622,0.52206,0.43398
46.25,0.7582,0.72105,0.7787,0.7644,0.60483,0.65255,0.67634,0.5736,0.67408,0.61737,2.7536e-05,4.1701e-05,3.9351e-05,2.8997e-05,2.105e-05,3.037e-05,3.6077e-05,3.0714e-05,2.4483e-05,1.7533e-05,0.75037,0.60881,0.64698,0.49112,0.61416,0.60578,0.54166,0.33527,0.51443,0.42802
46.5,0.75852,0.72132,0.77102,0.7625,0.61056,0.65095,0.71462,0.57428,0.66847,0.62084,2.7783e-05,4.1774e-05,3.8834e-05,2.889e-05,2.1083e-05,3.0214e-05,3.5324e-05,3.0847e-05,2.3888e-05,1.7544e-05,0.7578,0.60407,0.63869,0.47919,0.61787,0.59909,0.53691,0.33413,0.50366,0.41971
46.75,0.76534,0.72152,0.77026,0.76565,0.609,0.64218,0.68208,0.572,0.66444,0.61223,2.761e-05,4.2349e-05,3.9178e-05,2.8926e-05,2.1336e-05,2.9899e-05,3.5548e-05,3.1257e-05,2.3856e-05,1.7629e-05,0.75458,0.60683,0.63225,0.46764,0.61461,0.58935,0.52515,0.3353,0.49671,0.40686
47,0.75551,0.7314,0.76954,0.76291,0.60565,0.64978,0.68227,0.55051,0.69051,0.6409,2.76e-05,4.3094e-05,3.998e-05,2.8892e-05,2.1405e-05,2.9226e-05,3.551e-05,3.0764e-05,2.4346e-05,1.8691e-05,0.75303,0.61814,0.62905,0.45911,0.60735,0.57264,0.51424,0.33238,0.4932,0.4032
47.25,0.74802,0.7394,0.74852,0.76536,0.57968,0.64975,0.68247,0.57216,0.71623,0.63413,2.7059e-05,4.3449e-05,3.8872e-05,2.8941e-05,2.0861e-05,2.9198e-05,3.564e-05,2.8937e-05,2.6299e-05,1.8929e-05,0.73921,0.62365,0.61406,0.45026,0.59393,0.56673,0.49971,0.3223,0.50497,0.3952
47.5,0.75507,0.72711,0.74198,0.76091,0.5754,0.65202,0.68257,0.5733,0.66632,0.64136,2.6808e-05,4.3373e-05,3.8387e-05,2.8951e-05,2.0082e-05,2.9212e-05,3.5539e-05,2.8865e-05,2.5677e-05,1.9267e-05,0.73449,0.61628,0.61004,0.44183,0.58154,0.56262,0.48594,0.31908,0.49597,0.38779
47.75,0.76545,0.72475,0.73578,0.75557,0.57449,0.63674,0.68262,0.57349,0.66282,0.64259,2.7388e-05,4.3451e-05,3.7908e-05,2.9129e-05,2.0142e-05,3.1126e-05,3.5536e-05,2.8866e-05,2.5752e-05,1.9413e-05,0.74798,0.60464,0.60607,0.43249,0.58574,0.56967,0.47554,0.31549,0.49807,0.37931
48,0.75216,0.72228,0.74469,0.75567,0.57479,0.60239,0.68292,0.57825,0.65695,0.6436,2.756e-05,4.3107e-05,3.7282e-05,2.9096e-05,1.9875e-05,3.0844e-05,3.5531e-05,2.8978e-05,2.5615e-05,1.9491e-05,0.75313,0.58662,0.60067,0.42392,0.58214,0.56387,0.46334,0.31108,0.49685,0.36986
48.25,0.77086,0.71913,0.75292,0.7709,0.57988,0.61111,0.68378,0.55944,0.65194,0.66239,2.78e-05,4.2679e-05,3.7329e-05,2.8697e-05,2.0344e-05,3.017e-05,3.5823e-05,2.854e-05,2.4941e-05,2.2154e-05,0.75797,0.57136,0.60383,0.41491,0.59524,0.55645,0.45243,0.30602,0.48767,0.37937
48.5,0.77424,0.7284,0.74818,0.7684,0.57439,0.59898,0.67976,0.55169,0.653,0.6763,2.8442e-05,4.2678e-05,3.7352e-05,2.864e-05,2.015e-05,3.0533e-05,3.5629e-05,2.7588e-05,2.5262e-05,2.3302e-05,0.77176,0.56161,0.60935,0.40645,0.59179,0.56014,0.44033,0.29819,0.49279,0.3751
48.75,0.78313,0.73415,0.74758,0.76659,0.57687,0.6257,0.6774,0.52498,0.64883,0.70152,2.8597e-05,4.3218e-05,3.6945e-05,2.8843e-05,2.0315e-05,3.0182e-05,3.5714e-05,2.6999e-05,2.4983e-05,2.4975e-05,0.77502,0.56116,0.61426,0.39781,0.60037,0.55888,0.43028,0.29363,0.48925,0.37573
49,0.78612,0.73411,0.75169,0.77201,0.5804,0.6211,0.68262,0.52238,0.64826,0.70293,2.8962e-05,4.3437e-05,3.7202e-05,2.9396e-05,2.0267e-05,3.0036e-05,3.5608e-05,2.6359e-05,2.5238e-05,2.5893e-05,0.78937,0.55561,0.62834,0.39202,0.59933,0.55127,0.41789,0.28817,0.49432,0.37169
49.25,0.77629,0.74075,0.75239,0.78143,0.59647,0.61571,0.68062,0.53222,0.66377,0.69316,2.8961e-05,4.4418e-05,3.761e-05,3.0124e-05,1.9795e-05,2.9505e-05,3.5609e-05,2.6478e-05,2.5616e-05,2.5717e-05,0.78884,0.55471,0.642,0.38592,0.59952,0.53772,0.40867,0.28697,0.50031,0.36062
49.5,0.78459,0.74656,0.7519,0.79751,0.5966,0.61568,0.67525,0.54114,0.66084,0.70599,2.8948e-05,4.5522e-05,3.741e-05,3.1642e-05,1.9951e-05,2.9131e-05,3.601e-05,2.6946e-05,2.5978e-05,2.646e-05,0.78071,0.55439,0.64923,0.3843,0.60639,0.52469,0.40106,0.2867,0.50697,0.35558
49.75,0.77091,0.73485,0.75384,0.78038,0.60599,0.6166,0.68983,0.547,0.6607,0.72585,2.9274e-05,4.5183e-05,3.7745e-05,3.1911e-05,1.9872e-05,2.9046e-05,3.6016e-05,2.6959e-05,2.5796e-05,2.8202e-05,0.78063,0.53965,0.66057,0.37734,0.6169,0.51733,0.39224,0.28373,0.50555,0.35734
50,0.73261,0.7326,0.74408,0.76687,0.6057,0.61782,0.68997,0.5592,0.65399,0.70553,2.8585e-05,4.5348e-05,3.774e-05,3.1852e-05,1.9912e-05,2.9045e-05,3.6306e-05,2.6343e-05,2.5653e-05,2.8151e-05,0.77258,0.52825,0.66087,0.3708,0.62377,0.51176,0.38423,0.27473,0.50455,0.35059
50.25,0.71578,0.72878,0.74965,0.76753,0.60225,0.62986,0.68841,0.56489,0.69302,0.69277,2.5943e-05,4.5325e-05,3.8404e-05,3.1818e-05,2.0061e-05,2.834e-05,3.6591e-05,2.6892e-05,2.5749e-05,2.8021e-05,0.74275,0.51648,0.66402,0.36499,0.63242,0.50369,0.37628,0.27269,0.50728,0.34537
50.5,0.74905,0.72577,0.73193,0.76874,0.56577,0.63376,0.6896,0.57917,0.66616,0.70254,2.2439e-05,4.4919e-05,3.8044e-05,3.2096e-05,1.9702e-05,2.8755e-05,3.5877e-05,2.7714e-05,2.5269e-05,2.8237e-05,0.70315,0.50041,0.67066,0.36191,0.64233,0.49969,0.36577,0.27213,0.50818,0.34249
50.75,0.73653,0.74071,0.72926,0.76658,0.55384,0.64492,0.7019,0.62132,0.6717,0.72468,2.2051e-05,4.4745e-05,3.7564e-05,3.1723e-05,1.755e-05,3.0212e-05,3.6198e-05,3.0431e-05,2.4436e-05,3.0544e-05,0.6967,0.48482,0.67664,0.35357,0.62446,0.50203,0.35892,0.27916,0.50582,0.35272
51,0.77001,0.75736,0.73534,0.76584,0.57319,0.70084,0.68223,0.68926,0.65766,0.72877,2.2904e-05,4.674e-05,3.7257e-05,3.1711e-05,1.6645e-05,3.3594e-05,3.6209e-05,3.5791e-05,2.4801e-05,3.1844e-05,0.70193,0.48182,0.68154,0.34861,0.62006,0.5187,0.35191,0.29481,0.51873,0.356
51.25,0.77197,0.77203,0.73211,0.76636,0.57768,0.70296,0.67586,0.74445,0.65146,0.74582,2.393e-05,4.9406e-05,3.7244e-05,3.1662e-05,1.6775e-05,3.5337e-05,3.6957e-05,4.2308e-05,2.4397e-05,3.3576e-05,0.70636,0.47792,0.68708,0.34351,0.62829,0.52279,0.34703,0.31089,0.52319,0.36231
51.5,0.73399,0.79868,0.7187,0.76444,0.56591,0.70017,0.69882,0.76724,0.64153,0.74855,2.3594e-05,5.1764e-05,3.7624e-05,3.1656e-05,1.6755e-05,3.638e-05,3.7904e-05,4.6083e-05,2.4095e-05,3.473e-05,0.70045,0.4716,0.70854,0.33925,0.62777,0.52192,0.34284,0.31493,0.52561,0.36489
51.75,0.74316,0.81278,0.66724,0.77487,0.59456,0.68588,0.72037,0.74124,0.64465,0.73788,2.3272e-05,5.5005e-05,3.66e-05,3.151e-05,1.6121e-05,3.5854e-05,3.9337e-05,4.7327e-05,2.4005e-05,3.4704e-05,0.69303,0.47202,0.71046,0.33183,0.6213,0.5169,0.33825,0.31231,0.5275,0.35876
52,0.74228,0.83353,0.61463,0.78752,0.59473,0.68643,0.71178,0.73164,0.64952,0.75152,2.3222e-05,5.92e-05,3.3785e-05,3.2841e-05,1.6187e-05,3.6092e-05,3.9801e-05,4.7175e-05,2.4131e-05,3.5357e-05,0.68726,0.4714,0.70045,0.33268,0.6151,0.5123,0.3321,0.30558,0.5304,0.35754
52.25,0.73228,0.85455,0.60676,0.82117,0.58162,0.69099,0.71732,0.71835,0.65018,0.73532,2.3103e-05,6.2171e-05,2.9027e-05,3.7074e-05,1.6256e-05,3.6461e-05,4.0528e-05,4.6254e-05,2.4235e-05,3.534e-05,0.68324,0.46621,0.67198,0.34459,0.61461,0.50807,0.32715,0.29777,0.53203,0.35254
52.5,0.74976,0.86416,0.59576,0.84088,0.55424,0.68428,0.72531,0.70891,0.66324,0.73829,2.2833e-05,6.6189e-05,2.7694e-05,3.9664e-05,1.5938e-05,3.64e-05,4.0834e-05,4.5716e-05,2.5353e-05,3.5329e-05,0.68216,0.46802,0.66704,0.3472,0.59382,0.50142,0.32169,0.29091,0.54109,0.3472
52.75,0.7459,0.85536,0.65111,0.81363,0.58365,0.67147,0.71738,0.71166,0.71741,0.74189,2.301e-05,6.8265e-05,2.8902e-05,4.0297e-05,1.5337e-05,3.6183e-05,4.0808e-05,4.5084e-05,2.9357e-05,3.5696e-05,0.6702,0.4646,0.68288,0.34472,0.57073,0.49312,0.31528,0.28336,0.56999,0.34227
53,0.72478,0.84156,0.6527,0.81268,0.598,0.6583,0.71814,0.69807,0.73691,0.74373,2.3381e-05,6.8714e-05,3.0304e-05,4.0254e-05,1.5322e-05,3.4715e-05,4.1994e-05,4.4401e-05,3.2047e-05,3.5959e-05,0.67822,0.45885,0.69599,0.34192,0.56658,0.47198,0.3122,0.27719,0.58647,0.33743
53.25,0.70741,0.83777,0.6839,0.80735,0.58103,0.66494,0.74156,0.70314,0.75751,0.74079,2.3413e-05,6.7546e-05,3.0962e-05,4.0202e-05,1.4752e-05,3.4131e-05,4.5139e-05,4.3588e-05,3.3806e-05,3.5903e-05,0.67018,0.45115,0.70576,0.34029,0.54254,0.45563,0.31478,0.27114,0.60056,0.33273
53.5,0.71124,0.83621,0.67752,0.80897,0.59032,0.62272,0.74102,0.7041,0.7315,0.74368,2.3347e-05,6.6679e-05,3.1415e-05,4.0353e-05,1.427e-05,3.3444e-05,4.662e-05,4.3443e-05,3.4106e-05,3.5763e-05,0.65569,0.44442,0.71035,0.33922,0.51904,0.44595,0.31161,0.26785,0.60493,0.32821
53.75,0.71956,0.83553,0.66373,0.80955,0.60864,0.63078,0.74422,0.70408,0.74458,0.74538,2.4456e-05,6.5804e-05,3.1304e-05,4.05e-05,1.5893e-05,3.2452e-05,4.7866e-05,4.3438e-05,3.5133e-05,3.606e-05,0.65247,0.43887,0.71874,0.33854,0.52919,0.43103,0.30808,0.26551,0.61396,0.32426
54,0.75612,0.84313,0.66864,0.8195,0.65784,0.63916,0.7333,0.70561,0.75242,0.75041,2.7132e-05,6.6211e-05,3.1176e-05,4.0502e-05,1.7246e-05,3.252e-05,4.748e-05,4.37e-05,3.6716e-05,3.6541e-05,0.6626,0.43953,0.72778,0.33869,0.53049,0.42693,0.30067,0.26467,0.62573,0.3213
54.25,0.72145,0.84664,0.66778,0.82871,0.74236,0.62706,0.73261,0.70435,0.72493,0.76859,2.7572e-05,6.7249e-05,3.1257e-05,4.1472e-05,2.0683e-05,3.1937e-05,4.7723e-05,4.369e-05,3.6061e-05,3.8876e-05,0.65122,0.44064,0.73571,0.34259,0.55797,0.42512,0.29584,0.26305,0.62739,0.3245
54.5,0.72001,0.86216,0.65205,0.81229,0.73499,0.62757,0.73028,0.7089,0.7361,0.78256,2.7671e-05,6.8605e-05,3.0962e-05,4.1515e-05,2.2385e-05,3.1417e-05,4.7519e-05,4.3683e-05,3.5071e-05,4.1348e-05,0.63411,0.44522,0.73038,0.3419,0.56549,0.42279,0.28958,0.26119,0.63148,0.32715
54.75,0.70907,0.84697,0.64204,0.81749,0.73232,0.62896,0.73605,0.72708,0.73563,0.75781,2.7319e-05,6.8666e-05,2.9886e-05,4.265e-05,2.3043e-05,3.2159e-05,4.7079e-05,4.3157e-05,3.508e-05,4.1253e-05,0.61924,0.44107,0.71424,0.34943,0.56578,0.43071,0.28319,0.25834,0.63723,0.3212
55,0.70781,0.85069,0.62243,0.81457,0.73086,0.61735,0.73593,0.72045,0.73406,0.7642,2.751e-05,6.8274e-05,2.8964e-05,4.3041e-05,2.3586e-05,3.2061e-05,4.7363e-05,4.3128e-05,3.6027e-05,4.1882e-05,0.61607,0.43527,0.69699,0.35301,0.56498,0.43134,0.27977,0.25631,0.66081,0.31837
55.25,0.70638,0.83587,0.61364,0.8201,0.74434,0.6073,0.73292,0.71266,0.73067,0.75752,2.728e-05,6.6575e-05,2.7847e-05,4.388e-05,2.3927e-05,3.1846e-05,4.7162e-05,4.3184e-05,3.6004e-05,4.1976e-05,0.60445,0.42332,0.67972,0.35827,0.56318,0.43219,0.27405,0.25523,0.67676,0.31492
55.5,0.72804,0.85247,0.6074,0.81473,0.72288,0.60077,0.72349,0.72858,0.7212,0.76057,2.8134e-05,6.5401e-05,2.7085e-05,4.4039e-05,2.3697e-05,3.3316e-05,4.6248e-05,4.3313e-05,3.5919e-05,4.2326e-05,0.61038,0.41295,0.66736,0.35965,0.55789,0.45023,0.26699,0.25455,0.69054,0.31196
55.75,0.72252,0.85388,0.59342,0.81256,0.73069,0.58681,0.74158,0.72546,0.72079,0.75324,2.8562e-05,6.643e-05,2.6572e-05,4.406e-05,2.3576e-05,3.2124e-05,4.5551e-05,4.3526e-05,3.5733e-05,4.2315e-05,0.61259,0.41092,0.65911,0.35927,0.55295,0.44903,0.26061,0.25469,0.71174,0.30883
56,0.73024,0.84773,0.58915,0.81345,0.72763,0.57949,0.74617,0.72621,0.7153,0.75608,2.9127e-05,6.6252e-05,2.5919e-05,4.3989e-05,2.3614e-05,3.1031e-05,4.6285e-05,4.3727e-05,3.4908e-05,4.1923e-05,0.61442,0.40773,0.65033,0.35809,0.54879,0.44355,0.25938,0.25492,0.72308,0.30431
56.25,0.72189,0.8523,0.60763,0.81296,0.7227,0.57999,0.73856,0.72935,0.73438,0.75354,2.9156e-05,6.5813e-05,2.5401e-05,4.4163e-05,2.3443e-05,3.0924e-05,4.5517e-05,4.2641e-05,3.5298e-05,4.1871e-05,0.60763,0.40534,0.64228,0.35772,0.54628,0.44374,0.25361,0.24965,0.75028,0.3014
56.5,0.71398,0.85537,0.61133,0.81489,0.72952,0.58542,0.73573,0.72825,0.73357,0.75906,2.8926e-05,6.6202e-05,2.5411e-05,4.4462e-05,2.3354e-05,3.1027e-05,4.5306e-05,4.2485e-05,3.5766e-05,4.203e-05,0.59254,0.40477,0.65056,0.35744,0.54295,0.445,0.2494,0.24817,0.76892,0.29852
56.75,0.7163,0.85381,0.61155,0.80936,0.72164,0.57938,0.73213,0.73002,0.73191,0.75301,2.9213e-05,6.6569e-05,2.5558e-05,4.445e-05,2.326e-05,3.0722e-05,4.5818e-05,4.2386e-05,3.5875e-05,4.2013e-05,0.58214,0.40522,0.65864,0.35715,0.53467,0.43955,0.24936,0.24701,0.7795,0.29699
57,0.70828,0.83928,0.63013,0.80892,0.70683,0.57568,0.76563,0.73212,0.7475,0.75397,2.9124e-05,6.5888e-05,2.5165e-05,4.5018e-05,2.271e-05,3.0382e-05,4.9454e-05,4.2978e-05,3.5575e-05,4.2477e-05,0.5719,0.40244,0.65061,0.36086,0.5214,0.43386,0.26012,0.24766,0.77852,0.29811
57.25,0.70538,0.83741,0.63357,0.79085,0.74218,0.57715,0.81124,0.72017,0.73556,0.75242,2.9017e-05,6.3969e-05,2.5135e-05,4.5125e-05,2.1863e-05,3.0136e-05,5.6637e-05,4.2977e-05,3.5626e-05,4.1331e-05,0.56179,0.39771,0.66382,0.36057,0.50201,0.42785,0.27984,0.24761,0.77962,0.29125
57.5,0.70166,0.83496,0.63524,0.78904,0.73647,0.57388,0.79391,0.71945,0.7298,0.75521,2.8904e-05,6.2448e-05,2.5177e-05,4.4986e-05,2.2311e-05,3.0159e-05,5.9821e-05,4.2954e-05,3.6066e-05,4.1014e-05,0.55411,0.39375,0.67177,0.35966,0.50983,0.42692,0.28792,0.24788,0.79576,0.28841
57.75,0.68965,0.8408,0.62394,0.78684,0.74649,0.56999,0.7915,0.71494,0.73663,0.75313,2.8969e-05,6.1115e-05,2.4972e-05,4.5051e-05,2.3245e-05,3.0277e-05,6.192e-05,4.2916e-05,3.6713e-05,4.0995e-05,0.54296,0.39001,0.66938,0.36072,0.52618,0.4242,0.29293,0.24812,0.81315,0.28661
58,0.69475,0.84604,0.61408,0.78584,0.76822,0.57612,0.79902,0.73525,0.74066,0.7523,2.8916e-05,6.0691e-05,2.4181e-05,4.5566e-05,2.4078e-05,3.0745e-05,6.2445e-05,4.2028e-05,3.7367e-05,4.0956e-05,0.53263,0.38816,0.65431,0.3642,0.54355,0.4233,0.2934,0.24708,0.83134,0.2854
58.25,0.69638,0.84591,0.62122,0.78308,0.7721,0.58176,0.80913,0.73815,0.72977,0.75347,2.9088e-05,6.0846e-05,2.362e-05,4.5194e-05,2.4845e-05,3.1117e-05,6.4539e-05,4.22e-05,3.7327e-05,4.1134e-05,0.52727,0.38786,0.63907,0.36299,0.55638,0.42225,0.29871,0.24835,0.83207,0.2859
58.5,0.70054,0.84965,0.62114,0.80103,0.79539,0.57686,0.81799,0.74656,0.72532,0.76252,2.9977e-05,6.1747e-05,2.3555e-05,4.5417e-05,2.6613e-05,3.113e-05,6.6724e-05,4.3079e-05,3.733e-05,4.1139e-05,0.52704,0.39107,0.63915,0.36501,0.58212,0.4211,0.30447,0.25269,0.82345,0.28688
58.75,0.71556,0.8494,0.62176,0.80729,0.78054,0.59175,0.82667,0.74738,0.72772,0.76663,3.0456e-05,6.1846e-05,2.3564e-05,4.6542e-05,2.7181e-05,3.1241e-05,6.9302e-05,4.3458e-05,3.7621e-05,4.1902e-05,0.52546,0.39166,0.64227,0.37271,0.58938,0.42043,0.3119,0.25485,0.81359,0.29024
59,0.70077,0.8423,0.6228,0.80826,0.78957,0.59646,0.83276,0.76174,0.72312,0.77304,3.0364e-05,6.1763e-05,2.3573e-05,4.7338e-05,2.8052e-05,3.1626e-05,7.1155e-05,4.3964e-05,3.7446e-05,4.2722e-05,0.52169,0.38874,0.64618,0.37939,0.5994,0.41959,0.31702,0.25756,0.80343,0.29376
59.25,0.69555,0.843,0.6059,0.81492,0.7965,0.5804,0.81427,0.76582,0.71412,0.76034,3.0886e-05,6.1275e-05,2.321e-05,4.845e-05,2.8964e-05,3.1863e-05,7.0913e-05,4.4687e-05,3.7702e-05,4.2665e-05,0.5259,0.38449,0.65117,0.38798,0.60908,0.42284,0.31713,0.26157,0.80905,0.29361
59.5,0.67763,0.85058,0.58033,0.80313,0.80631,0.58938,0.81444,0.77144,0.70537,0.75834,3.0898e-05,6.1473e-05,2.2189e-05,4.8589e-05,2.9674e-05,3.2624e-05,7.0906e-05,4.4662e-05,3.7172e-05,4.2087e-05,0.51994,0.38397,0.65169,0.39093,0.61509,0.42955,0.31763,0.26464,0.79343,0.29086
59.75,0.67961,0.83842,0.58766,0.79773,0.79276,0.60532,0.81111,0.77457,0.69961,0.74852,3.0952e-05,6.1547e-05,2.0827e-05,4.8293e-05,2.9763e-05,3.3929e-05,7.1106e-05,4.4941e-05,3.7192e-05,4.2076e-05,0.51458,0.38257,0.6483,0.39323,0.61297,0.44043,0.31775,0.26835,0.79221,0.29128
60,0.6736,0.83862,0.5649,0.78963,0.79555,0.58953,0.81249,0.79121,0.70414,0.77037,3.1172e-05,6.1433e-05,2.0525e-05,4.7489e-05,3.0187e-05,3.3921e-05,7.0842e-05,4.6498e-05,3.6645e-05,4.0926e-05,0.51611,0.38104,0.65118,0.39311,0.61514,0.43929,0.31769,0.27649,0.77474,0.28707
60.25,0.674,0.83544,0.57427,0.77463,0.81568,0.58715,0.81012,0.791,0.70347,0.77481,3.1256e-05,6.2038e-05,1.9376e-05,4.6499e-05,3.0817e-05,3.366e-05,7.0697e-05,4.7118e-05,3.6633e-05,4.1429e-05,0.51468,0.38427,0.64558,0.3922,0.61867,0.4349,0.31808,0.28063,0.77378,0.29027
60.5,0.68751,0.83411,0.58,0.76644,0.82865,0.57866,0.80856,0.7948,0.69866,0.78342,3.1938e-05,6.2178e-05,1.9333e-05,4.432e-05,3.2428e-05,3.4268e-05,7.0436e-05,4.7456e-05,3.6816e-05,4.1951e-05,0.52081,0.38366,0.64834,0.38883,0.64293,0.43348,0.3185,0.2856,0.76949,0.2938
60.75,0.69384,0.83194,0.56183,0.75366,0.82516,0.58593,0.80636,0.79964,0.71488,0.78589,3.2509e-05,6.2194e-05,1.9649e-05,4.2604e-05,3.2714e-05,3.4946e-05,7.0138e-05,4.8093e-05,3.6036e-05,4.2116e-05,0.53036,0.38269,0.66378,0.3859,0.6518,0.42959,0.31882,0.29175,0.76436,0.29745
61,0.68523,0.83126,0.56255,0.77668,0.78843,0.59587,0.8109,0.79438,0.71978,0.77898,3.2486e-05,6.2045e-05,1.9702e-05,4.1208e-05,3.2798e-05,3.4661e-05,6.9569e-05,4.7776e-05,3.668e-05,4.2125e-05,0.53241,0.38067,0.67552,0.3826,0.64366,0.42154,0.31968,0.29407,0.75872,0.30002
61.25,0.68687,0.83124,0.58274,0.77442,0.7859,0.59315,0.81044,0.78591,0.73725,0.77649,3.2396e-05,6.1717e-05,1.9889e-05,4.1263e-05,3.2697e-05,3.48e-05,6.9589e-05,4.8613e-05,3.9175e-05,4.1758e-05,0.53014,0.37781,0.69053,0.38403,0.64039,0.41963,0.32076,0.29746,0.76455,0.30224
61.5,0.6883,0.82876,0.57868,0.77516,0.78393,0.60298,0.80397,0.78189,0.73808,0.77436,3.2544e-05,6.1451e-05,1.9407e-05,4.1185e-05,3.267e-05,3.4483e-05,7.0096e-05,4.9739e-05,3.8479e-05,4.1054e-05,0.52534,0.37507,0.67894,0.3856,0.63089,0.41509,0.32228,0.30225,0.75705,0.30272
61.75,0.68734,0.8257,0.57753,0.77177,0.78499,0.60921,0.81769,0.77863,0.72742,0.77216,3.2568e-05,6.1155e-05,1.9485e-05,4.1176e-05,3.2647e-05,3.4896e-05,6.952e-05,4.7295e-05,3.8486e-05,4.0768e-05,0.52038,0.37117,0.68252,0.3869,0.61686,0.42095,0.32238,0.29895,0.75392,0.3043
62,0.68751,0.81849,0.5683,0.75751,0.78519,0.62229,0.81856,0.78223,0.72811,0.77772,3.2873e-05,6.1006e-05,1.9084e-05,4.114e-05,3.2693e-05,3.5685e-05,7.0008e-05,4.7033e-05,3.8444e-05,4.0432e-05,0.5161,0.36729,0.66887,0.38438,0.60724,0.42722,0.32365,0.30166,0.74572,0.30593
62.25,0.6732,0.82082,0.56621,0.73878,0.79741,0.62463,0.81592,0.78266,0.72876,0.7779,3.2528e-05,5.9355e-05,1.9216e-05,3.9938e-05,3.4853e-05,3.5985e-05,7.0185e-05,4.7064e-05,3.9477e-05,4.0756e-05,0.50991,0.35818,0.6739,0.37681,0.60478,0.43032,0.3248,0.30448,0.74041,0.31042
62.5,0.67259,0.82293,0.57496,0.73235,0.80913,0.63884,0.81141,0.78769,0.72052,0.78061,3.2535e-05,5.8468e-05,1.9633e-05,3.8279e-05,3.6945e-05,3.4312e-05,6.9699e-05,4.6939e-05,3.9546e-05,4.0865e-05,0.50886,0.35298,0.68623,0.36664,0.60446,0.42493,0.32662,0.30605,0.73405,0.31336
62.75,0.67882,0.81932,0.56987,0.73015,0.8078,0.644,0.80916,0.79116,0.72332,0.77585,3.2283e-05,5.8665e-05,1.9744e-05,3.6961e-05,3.8057e-05,3.453e-05,6.9973e-05,4.7132e-05,3.9342e-05,4.0654e-05,0.5041,0.35303,0.68952,0.35856,0.59452,0.42953,0.32831,0.30885,0.71889,0.31444
63,0.67608,0.80607,0.58274,0.71692,0.82845,0.64307,0.80209,0.78776,0.71835,0.77855,3.28e-05,5.7862e-05,1.9613e-05,3.6902e-05,4.0609e-05,3.4708e-05,6.9974e-05,4.7104e-05,3.9366e-05,4.0719e-05,0.51195,0.34788,0.68461,0.35542,0.59283,0.43196,0.32969,0.31084,0.71388,0.3176
63.25,0.67759,0.80875,0.58915,0.705,0.82626,0.64849,0.79924,0.78899,0.71761,0.77839,3.1994e-05,5.7044e-05,1.9764e-05,3.537e-05,4.2242e-05,3.4368e-05,7.0918e-05,4.7103e-05,3.9553e-05,4.0762e-05,0.51383,0.34221,0.68915,0.34562,0.58621,0.4292,0.33557,0.31343,0.71126,0.32189
63.5,0.68165,0.79403,0.57127,0.69109,0.84937,0.63756,0.79776,0.78822,0.71677,0.77178,3.1718e-05,5.6596e-05,1.9218e-05,3.4247e-05,4.485e-05,3.435e-05,7.0998e-05,4.7107e-05,3.9404e-05,4.0844e-05,0.51835,0.33951,0.6848,0.33941,0.58378,0.42695,0.33954,0.31579,0.70294,0.32692
63.75,0.68117,0.81082,0.57244,0.69476,0.85582,0.63502,0.79829,0.79758,0.71751,0.77789,3.1725e-05,5.4813e-05,1.8694e-05,3.309e-05,4.7449e-05,3.4688e-05,7.0875e-05,4.6977e-05,3.9107e-05,3.9613e-05,0.52352,0.33187,0.6804,0.3329,0.58443,0.4263,0.34251,0.31766,0.69124,0.32792
64,0.6829,0.81645,0.58677,0.7036,0.84846,0.63469,0.80297,0.80886,0.72179,0.7869,3.1489e-05,5.4634e-05,1.862e-05,3.2747e-05,4.8532e-05,3.38e-05,7.1611e-05,4.6285e-05,4.008e-05,3.9193e-05,0.5251,0.33036,0.68323,0.33179,0.58001,0.41803,0.34782,0.31908,0.70073,0.33065
64.25,0.68505,0.81016,0.5803,0.70524,0.85797,0.62589,0.80701,0.81129,0.73445,0.78488,3.1581e-05,5.4894e-05,1.839e-05,3.2905e-05,4.9788e-05,3.3857e-05,7.2487e-05,4.6665e-05,4.1427e-05,3.9284e-05,0.52785,0.33054,0.67096,0.335,0.57599,0.41641,0.35296,0.32223,0.71499,0.33497
64.5,0.68825,0.8106,0.58398,0.70322,0.84702,0.62805,0.80159,0.80906,0.72518,0.77295,3.201e-05,5.3951e-05,1.8551e-05,3.288e-05,5.0059e-05,3.321e-05,7.2766e-05,4.6551e-05,4.1714e-05,3.9225e-05,0.53396,0.3287,0.67074,0.33629,0.56613,0.4077,0.35638,0.3231,0.71794,0.33729
64.75,0.69228,0.80612,0.59353,0.70211,0.85066,0.61846,0.80755,0.80535,0.71825,0.76051,3.2184e-05,5.3619e-05,1.8759e-05,3.3076e-05,5.019e-05,3.2841e-05,7.1617e-05,4.6261e-05,4.1588e-05,3.8285e-05,0.53597,0.32829,0.6717,0.33816,0.5552,0.40575,0.3547,0.32412,0.71304,0.33397
65,0.69474,0.80131,0.58955,0.69322,0.85508,0.62048,0.78952,0.80751,0.72167,0.75866,3.2537e-05,5.2878e-05,1.88e-05,3.3335e-05,5.1017e-05,3.3031e-05,7.1104e-05,4.6105e-05,4.1875e-05,3.6699e-05,0.54102,0.32724,0.66798,0.3408,0.54871,0.40962,0.35404,0.32626,0.70655,0.32907
65.25,0.69606,0.81046,0.58238,0.69968,0.86068,0.62179,0.77971,0.7988,0.73046,0.7602,3.2875e-05,5.1957e-05,1.8877e-05,3.1312e-05,5.2029e-05,3.3163e-05,6.8558e-05,4.6369e-05,4.3278e-05,3.6162e-05,0.5454,0.32579,0.6585,0.33521,0.54254,0.41326,0.34649,0.32897,0.70099,0.3297
65.5,0.68687,0.80873,0.59466,0.69538,0.86868,0.61868,0.75617,0.78157,0.70291,0.76284,3.2529e-05,5.1985e-05,1.9785e-05,3.1322e-05,5.3671e-05,3.3121e-05,6.5512e-05,4.5761e-05,4.2891e-05,3.6034e-05,0.53917,0.32617,0.6536,0.34056,0.54006,0.41568,0.33809,0.32919,0.68809,0.33301
65.75,0.69345,0.81386,0.61598,0.6758,0.84296,0.62486,0.74526,0.77389,0.69842,0.76343,3.2394e-05,5.1639e-05,2.0886e-05,3.1478e-05,5.3285e-05,3.3062e-05,6.0751e-05,4.5297e-05,4.2996e-05,3.6251e-05,0.53591,0.32615,0.65148,0.34343,0.53098,0.41893,0.3247,0.33036,0.67532,0.33888
66,0.6996,0.81543,0.64855,0.67667,0.84557,0.62251,0.7533,0.79437,0.70596,0.75836,3.2928e-05,5.1771e-05,2.1735e-05,3.1708e-05,5.3625e-05,3.2813e-05,5.7155e-05,4.4267e-05,4.3382e-05,3.6067e-05,0.53776,0.32681,0.64412,0.3461,0.52972,0.4184,0.31375,0.32911,0.66302,0.34207
66.25,0.70769,0.81403,0.66717,0.68171,0.8546,0.61818,0.7465,0.78506,0.70713,0.76219,3.3962e-05,5.1805e-05,2.2066e-05,3.1872e-05,5.5376e-05,3.2613e-05,5.5831e-05,4.4075e-05,4.3679e-05,3.6052e-05,0.53819,0.32712,0.64021,0.34744,0.54014,0.41869,0.31032,0.33148,0.65472,0.34671
66.5,0.72037,0.81125,0.69794,0.68004,0.86676,0.6194,0.7732,0.77614,0.69932,0.77083,3.4924e-05,5.2012e-05,2.4081e-05,3.1904e-05,5.8247e-05,3.2475e-05,5.4612e-05,4.3859e-05,4.3689e-05,3.6304e-05,0.53609,0.32711,0.64857,0.34963,0.5578,0.42019,0.30696,0.3328,0.6515,0.35351
66.75,0.73254,0.79022,0.66288,0.68208,0.86882,0.62252,0.76919,0.77674,0.69191,0.75305,3.5779e-05,5.1278e-05,2.3791e-05,3.1912e-05,6.0396e-05,3.2416e-05,5.461e-05,4.3518e-05,4.3353e-05,3.6225e-05,0.5349,0.32488,0.63975,0.35259,0.57394,0.42262,0.31021,0.33252,0.64942,0.35867
67,0.73892,0.79132,0.69105,0.68164,0.86339,0.62665,0.77035,0.77783,0.67499,0.76409,3.6738e-05,4.9757e-05,2.2865e-05,3.1905e-05,6.1065e-05,3.2775e-05,5.4622e-05,4.3121e-05,4.2438e-05,3.5949e-05,0.53765,0.32011,0.62583,0.35549,0.58101,0.43014,0.31305,0.3327,0.64565,0.36311
67.25,0.72848,0.81553,0.70938,0.68436,0.87344,0.62381,0.77184,0.77664,0.71019,0.77346,3.6893e-05,4.9632e-05,2.3704e-05,3.1996e-05,6.2783e-05,3.2831e-05,5.4548e-05,4.2921e-05,4.0866e-05,3.6991e-05,0.53644,0.32102,0.62387,0.36075,0.59299,0.43479,0.31639,0.33484,0.63493,0.37239
67.5,0.71182,0.8169,0.71685,0.68658,0.86375,0.63547,0.77221,0.777,0.71901,0.776,3.6527e-05,5.0351e-05,2.4244e-05,3.1903e-05,6.3049e-05,3.2776e-05,5.4668e-05,4.2863e-05,4.2007e-05,3.7569e-05,0.53314,0.32592,0.61197,0.3629,0.59187,0.4378,0.3203,0.33783,0.63178,0.38019
67.75,0.71815,0.82311,0.7035,0.69237,0.86342,0.65814,0.77639,0.7769,0.72485,0.75939,3.6025e-05,5.154e-05,2.4159e-05,3.1817e-05,6.2942e-05,3.104e-05,5.5354e-05,4.2934e-05,4.312e-05,3.7488e-05,0.52925,0.33362,0.59772,0.36759,0.58784,0.43362,0.3267,0.34275,0.62669,0.38673
68,0.69765,0.81493,0.70616,0.69633,0.85617,0.6475,0.77827,0.77469,0.70598,0.75105,3.5664e-05,5.1702e-05,2.4252e-05,3.1818e-05,6.287e-05,3.1062e-05,5.5977e-05,4.2904e-05,4.2781e-05,3.7439e-05,0.5252,0.33721,0.58418,0.37159,0.58233,0.44112,0.33345,0.34742,0.61756,0.39351
68.25,0.68806,0.80942,0.70085,0.69775,0.86321,0.65466,0.78804,0.7732,0.70311,0.75083,3.442e-05,5.1567e-05,2.4017e-05,3.1883e-05,6.2365e-05,3.115e-05,5.6812e-05,4.3055e-05,4.3442e-05,3.5236e-05,0.51061,0.33832,0.57159,0.37718,0.57262,0.44886,0.34213,0.35368,0.62356,0.3943
68.5,0.6846,0.80368,0.69814,0.70154,0.86264,0.65228,0.78858,0.78501,0.71719,0.73043,3.3253e-05,5.116e-05,2.4437e-05,3.1834e-05,6.2439e-05,3.0654e-05,5.7054e-05,4.3356e-05,4.3844e-05,3.3885e-05,0.49874,0.33811,0.57501,0.38089,0.56905,0.44807,0.34746,0.36251,0.62537,0.39702
68.75,0.67926,0.80604,0.68252,0.6967,0.86431,0.6491,0.78948,0.78527,0.71218,0.72871,3.2631e-05,5.0368e-05,2.4426e-05,3.1683e-05,6.2246e-05,3.0473e-05,5.7375e-05,4.3228e-05,4.4148e-05,3.2183e-05,0.49311,0.33562,0.56922,0.38666,0.56444,0.45122,0.35421,0.36726,0.62754,0.39804
69,0.68975,0.797,0.67601,0.68669,0.86467,0.64703,0.78327,0.78205,0.71267,0.73962,3.2379e-05,5.0169e-05,2.3986e-05,3.1223e-05,6.2607e-05,3.0154e-05,5.7396e-05,4.3314e-05,4.4695e-05,3.12e-05,0.49284,0.33556,0.55246,0.39109,0.5622,0.45152,0.3589,0.37373,0.63204,0.40235
69.25,0.68179,0.77989,0.68587,0.66827,0.85991,0.64848,0.78404,0.77797,0.68254,0.73144,3.2363e-05,4.8528e-05,2.3668e-05,3.0609e-05,6.2606e-05,3.0075e-05,5.7437e-05,4.2871e-05,4.4388e-05,3.1078e-05,0.49424,0.33115,0.53705,0.39665,0.56144,0.45604,0.36358,0.37713,0.6179,0.41025
69.5,0.6766,0.80068,0.67494,0.67826,0.85834,0.65032,0.78117,0.77626,0.69173,0.70829,3.2927e-05,4.671e-05,2.3623e-05,2.9072e-05,6.241e-05,3.0283e-05,5.6927e-05,4.2112e-05,4.5241e-05,3.0193e-05,0.50587,0.32615,0.53166,0.39691,0.55853,0.46592,0.36871,0.37747,0.61102,0.41512
69.75,0.66033,0.80266,0.69359,0.68733,0.85784,0.65488,0.78229,0.78033,0.6898,0.73024,3.2362e-05,4.6525e-05,2.3484e-05,2.8684e-05,6.2519e-05,3.0616e-05,5.7157e-05,4.1885e-05,4.5456e-05,2.8464e-05,0.5102,0.32792,0.52564,0.40192,0.55319,0.47711,0.37481,0.38216,0.60385,0.41446
70,0.64252,0.80341,0.69775,0.68604,0.85189,0.6556,0.7928,0.78009,0.67597,0.74417,3.1456e-05,4.6502e-05,2.412e-05,2.8858e-05,6.2368e-05,3.0781e-05,5.8926e-05,4.2019e-05,4.5284e-05,2.8132e-05,0.51154,0.33154,0.53581,0.40724,0.55023,0.48701,0.38457,0.39095,0.6002,0.42211
70.25,0.65026,0.80359,0.73407,0.67541,0.84786,0.64008,0.77761,0.77858,0.68285,0.73936,3.0561e-05,4.6534e-05,2.4554e-05,2.8645e-05,6.2207e-05,3.1219e-05,5.896e-05,4.2235e-05,4.5103e-05,2.8099e-05,0.51825,0.33469,0.54937,0.41026,0.54924,0.49527,0.39091,0.40282,0.59004,0.43036
70.5,0.62936,0.80161,0.73,0.6841,0.84845,0.60302,0.77497,0.76199,0.68909,0.72031,3.044e-05,4.6592e-05,2.4979e-05,2.8191e-05,6.1587e-05,3.1141e-05,5.8979e-05,4.1959e-05,4.5831e-05,2.7915e-05,0.52257,0.3392,0.55495,0.41094,0.54421,0.50769,0.39755,0.41359,0.58942,0.43646
70.75,0.60709,0.79422,0.73342,0.68449,0.84803,0.54662,0.78431,0.7165,0.6692,0.71587,3.0306e-05,4.6505e-05,2.5371e-05,2.8197e-05,6.1353e-05,2.9807e-05,5.8489e-05,3.9623e-05,4.6108e-05,2.5625e-05,0.53059,0.34408,0.56069,0.41732,0.5414,0.51185,0.40431,0.41525,0.59511,0.42267
71,0.59465,0.7797,0.7282,0.68525,0.84369,0.52061,0.78908,0.65051,0.67346,0.69332,2.8821e-05,4.5407e-05,2.5284e-05,2.8265e-05,6.1723e-05,2.5646e-05,5.8858e-05,3.4879e-05,4.5661e-05,2.4316e-05,0.53253,0.34798,0.56013,0.42521,0.54571,0.49614,0.41391,0.40333,0.59128,0.41747
71.25,0.60531,0.76704,0.72988,0.68918,0.84713,0.49421,0.78975,0.61236,0.68163,0.68537,2.7613e-05,4.3406e-05,2.5299e-05,2.8644e-05,6.1764e-05,2.3385e-05,5.8804e-05,2.9384e-05,4.6193e-05,2.2745e-05,0.53255,0.34936,0.55702,0.43708,0.54771,0.49019,0.42652,0.38284,0.59812,0.40951
71.5,0.60251,0.74729,0.76265,0.69024,0.8481,0.51759,0.78474,0.63291,0.69009,0.69867,2.7575e-05,4.0963e-05,2.4723e-05,2.8846e-05,6.2123e-05,2.2101e-05,5.869e-05,2.5448e-05,4.7112e-05,2.168e-05,0.53884,0.34869,0.54494,0.44727,0.55308,0.4905,0.43988,0.36803,0.61044,0.40627
71.75,0.59831,0.70947,0.76559,0.67203,0.84907,0.51704,0.79559,0.59849,0.69074,0.67479,2.7577e-05,3.8683e-05,2.4824e-05,2.8537e-05,6.2437e-05,2.2355e-05,5.8e-05,2.3694e-05,4.7418e-05,2.157e-05,0.55165,0.34945,0.54984,0.45589,0.55864,0.49922,0.45277,0.36778,0.6213,0.41134
72,0.60163,0.6795,0.75045,0.60419,0.85204,0.50352,0.78088,0.61535,0.69325,0.68684,2.7553e-05,3.4095e-05,2.4837e-05,2.7037e-05,6.2943e-05,2.2049e-05,5.7562e-05,2.291e-05,4.7713e-05,2.0789e-05,0.56252,0.33956,0.54753,0.45533,0.56718,0.50686,0.46297,0.37315,0.63157,0.41109
72.25,0.60275,0.62546,0.75054,0.53468,0.85853,0.5031,0.77898,0.61269,0.69388,0.68933,2.7661e-05,2.9864e-05,2.5236e-05,2.2139e-05,6.3298e-05,2.1883e-05,5.7207e-05,2.291e-05,4.8324e-05,2.0813e-05,0.57282,0.3283,0.54671,0.42754,0.57306,0.52126,0.47238,0.38318,0.64468,0.42172
72.5,0.61437,0.60291,0.72842,0.53519,0.85736,0.50588,0.78889,0.59762,0.66491,0.68409,2.7832e-05,2.5363e-05,2.5304e-05,1.8023e-05,6.346e-05,2.202e-05,5.7306e-05,2.2552e-05,4.7552e-05,2.0747e-05,0.58361,0.31312,0.54512,0.4009,0.58028,0.53638,0.48308,0.39192,0.65192,0.43394
72.75,0.6297,0.58668,0.72308,0.52097,0.85458,0.5061,0.782,0.60888,0.6526,0.68037,2.7727e-05,2.2657e-05,2.3122e-05,1.6924e-05,6.3451e-05,2.221e-05,5.7345e-05,2.1705e-05,4.4053e-05,2.0404e-05,0.5959,0.30381,0.5257,0.39862,0.58325,0.55316,0.49367,0.39806,0.64848,0.44439
73,0.64457,0.5883,0.70185,0.54765,0.8545,0.47266,0.76358,0.6113,0.62157,0.68287,2.7228e-05,2.1687e-05,2.1781e-05,1.7043e-05,6.3465e-05,2.1905e-05,5.6251e-05,2.1754e-05,4.1241e-05,2.028e-05,0.59387,0.30373,0.51422,0.40633,0.58793,0.56132,0.50291,0.40887,0.64051,0.45913
73.25,0.64181,0.59848,0.73005,0.56565,0.85442,0.50775,0.76632,0.61079,0.62911,0.68712,2.7778e-05,2.2503e-05,2.2969e-05,1.7718e-05,6.3532e-05,2.0643e-05,5.345e-05,2.1783e-05,3.8709e-05,2.0415e-05,0.60362,0.31359,0.52355,0.41735,0.59421,0.56515,0.50586,0.41938,0.63585,0.47708
73.5,0.62373,0.58972,0.74555,0.58668,0.8505,0.5189,0.7654,0.60678,0.61358,0.67624,2.7747e-05,2.2329e-05,2.3851e-05,1.8558e-05,6.3686e-05,2.0981e-05,5.2417e-05,2.189e-05,3.8394e-05,2.0397e-05,0.61287,0.31816,0.52862,0.4285,0.60341,0.58268,0.51464,0.43403,0.64561,0.4906
73.75,0.58397,0.60688,0.71876,0.57801,0.84498,0.50075,0.78044,0.60932,0.59005,0.66672,2.7076e-05,2.3089e-05,2.3918e-05,1.8694e-05,6.2265e-05,2.0562e-05,5.125e-05,2.1927e-05,3.6844e-05,2.0109e-05,0.62734,0.32727,0.52496,0.43382,0.60967,0.5909,0.52348,0.44806,0.64902,0.50335
74,0.59143,0.60099,0.71746,0.54992,0.82395,0.51502,0.78021,0.60741,0.60269,0.63209,2.4385e-05,2.3046e-05,2.3948e-05,1.8911e-05,6.0594e-05,2.0657e-05,5.1697e-05,2.1961e-05,3.4752e-05,2.0268e-05,0.61826,0.32877,0.52089,0.4441,0.61161,0.6006,0.5371,0.45751,0.64877,0.51905
74.25,0.58367,0.57643,0.71509,0.56494,0.83375,0.54442,0.76766,0.60907,0.61266,0.55649,2.4029e-05,2.2501e-05,2.4011e-05,1.8238e-05,5.7438e-05,2.2194e-05,5.1146e-05,2.2062e-05,3.4451e-05,1.7865e-05,0.6336,0.32701,0.52048,0.43913,0.60683,0.61872,0.5509,0.46982,0.65756,0.51025
74.5,0.57886,0.56313,0.72199,0.55814,0.83838,0.56609,0.76794,0.60283,0.61467,0.59357,2.4364e-05,2.1516e-05,2.4458e-05,1.8293e-05,5.6181e-05,2.3331e-05,5.0673e-05,2.2074e-05,3.4632e-05,1.5148e-05,0.64569,0.32362,0.52803,0.44444,0.60844,0.63311,0.56525,0.48382,0.66544,0.49248
74.75,0.5818,0.54044,0.72228,0.54252,0.82628,0.58428,0.76378,0.60484,0.61408,0.55022,2.4785e-05,2.1264e-05,2.4423e-05,1.7167e-05,5.5163e-05,2.3391e-05,5.0823e-05,2.161e-05,3.4634e-05,1.4804e-05,0.65283,0.32625,0.52574,0.43278,0.61428,0.62688,0.58623,0.49393,0.66895,0.50879
75,0.60074,0.56638,0.72507,0.52623,0.82174,0.59477,0.75758,0.60208,0.61279,0.55488,2.6032e-05,1.9997e-05,2.4579e-05,1.678e-05,5.4459e-05,2.4048e-05,5.0473e-05,2.1572e-05,3.3948e-05,1.3869e-05,0.66273,0.31882,0.52851,0.43172,0.62401,0.63296,0.606,0.51144,0.65531,0.51718
75.25,0.56473,0.56984,0.73808,0.53626,0.83107,0.61245,0.76264,0.59314,0.61351,0.52709,2.5911e-05,2.0038e-05,2.5586e-05,1.6204e-05,5.3425e-05,2.6573e-05,4.9806e-05,2.141e-05,3.3847e-05,1.3796e-05,0.6645,0.32443,0.54222,0.42724,0.63234,0.65378,0.62673,0.52154,0.64799,0.5328
75.5,0.56012,0.55312,0.74715,0.54683,0.83053,0.56768,0.74606,0.59644,0.61044,0.54107,2.4804e-05,1.9943e-05,2.655e-05,1.6374e-05,5.3529e-05,2.4239e-05,4.9764e-05,2.099e-05,3.407e-05,1.3342e-05,0.65101,0.32999,0.55602,0.43544,0.64469,0.61544,0.64257,0.5261,0.64327,0.54375
75.75,0.54316,0.55041,0.74625,0.54498,0.82694,0.58554,0.73189,0.59517,0.60566,0.54952,2.4412e-05,1.8579e-05,2.7113e-05,1.6408e-05,5.3144e-05,2.3517e-05,4.8989e-05,2.0922e-05,3.3312e-05,1.3371e-05,0.64679,0.3269,0.56438,0.44126,0.65226,0.60406,0.65933,0.53769,0.63059,0.56119
76,0.54217,0.56163,0.74706,0.54933,0.82995,0.58295,0.73395,0.60242,0.59564,0.5517,2.3612e-05,1.8108e-05,2.7116e-05,1.669e-05,5.2943e-05,2.3893e-05,4.7566e-05,2.0877e-05,3.3519e-05,1.3442e-05,0.63622,0.32919,0.5625,0.45293,0.65878,0.61995,0.67427,0.54813,0.62534,0.57754
76.25,0.55232,0.55773,0.73657,0.53676,0.83039,0.58262,0.72364,0.59947,0.60898,0.53275,2.3397e-05,1.8617e-05,2.713e-05,1.6501e-05,5.3042e-05,2.4017e-05,4.6964e-05,2.0714e-05,3.4229e-05,1.3367e-05,0.63831,0.34104,0.55819,0.45944,0.66309,0.62865,0.69408,0.56516,0.61581,0.59821
76.5,0.5467,0.57199,0.73154,0.54662,0.83034,0.59392,0.76765,0.59771,0.63124,0.54459,2.336e-05,1.9127e-05,2.7177e-05,1.6104e-05,5.3117e-05,2.448e-05,4.5666e-05,2.0685e-05,3.5504e-05,1.2843e-05,0.64694,0.35184,0.55724,0.46357,0.66804,0.6438,0.71361,0.58368,0.61295,0.61005
76.75,0.55232,0.5726,0.73773,0.55906,0.8308,0.57406,0.7475,0.58262,0.65051,0.5401,2.2986e-05,1.897e-05,2.7183e-05,1.6311e-05,5.304e-05,2.4478e-05,4.5008e-05,2.0552e-05,3.7589e-05,1.2973e-05,0.6551,0.35471,0.5553,0.47479,0.67481,0.6465,0.71766,0.60087,0.61776,0.63883
77,0.5518,0.57175,0.72454,0.59197,0.83192,0.57694,0.70527,0.61095,0.65277,0.55652,2.2979e-05,1.8911e-05,2.7826e-05,1.5915e-05,5.3097e-05,2.4532e-05,4.3462e-05,1.9669e-05,3.762e-05,1.2841e-05,0.66487,0.35972,0.55496,0.4702,0.67736,0.6484,0.69995,0.61536,0.60867,0.65227
77.25,0.5548,0.57338,0.72541,0.59249,0.83454,0.59021,0.69382,0.61037,0.63823,0.56172,2.3018e-05,1.9219e-05,2.7875e-05,1.5721e-05,5.3077e-05,2.572e-05,3.7831e-05,1.9721e-05,3.7787e-05,1.2962e-05,0.67671,0.3657,0.54672,0.47296,0.68286,0.6603,0.64938,0.63451,0.61433,0.68117
77.5,0.56669,0.57524,0.7169,0.60067,0.82968,0.58887,0.6837,0.60053,0.63307,0.56108,2.2936e-05,1.9368e-05,2.7821e-05,1.6007e-05,5.2784e-05,2.5897e-05,3.5378e-05,1.9858e-05,3.765e-05,1.3005e-05,0.6811,0.37075,0.54297,0.47829,0.68008,0.66031,0.6301,0.64954,0.61307,0.70478
77.75,0.5686,0.56645,0.71687,0.57307,0.82519,0.57429,0.67798,0.60523,0.62663,0.56465,2.3053e-05,1.9394e-05,2.78e-05,1.5988e-05,5.1971e-05,2.5776e-05,3.3725e-05,1.9824e-05,3.7044e-05,1.2865e-05,0.7038,0.377,0.53943,0.4812,0.67085,0.66842,0.6202,0.66437,0.60599,0.73313
78,0.56445,0.55071,0.71828,0.56697,0.82642,0.56593,0.66111,0.60418,0.63528,0.57518,2.3027e-05,2.1529e-05,2.7863e-05,1.5384e-05,5.1116e-05,2.5534e-05,3.2859e-05,1.9819e-05,3.6322e-05,1.2895e-05,0.71997,0.39703,0.53581,0.47128,0.65916,0.67218,0.62019,0.67933,0.5972,0.76346
78.25,0.55116,0.55099,0.71965,0.54193,0.81598,0.57064,0.64352,0.59726,0.63835,0.57831,2.304e-05,2.2369e-05,2.7733e-05,1.5093e-05,5.0538e-05,2.5459e-05,3.1362e-05,1.9764e-05,3.6251e-05,1.3011e-05,0.73922,0.40455,0.53441,0.46462,0.65085,0.67662,0.61138,0.68964,0.59633,0.78976
78.5,0.52321,0.57975,0.71936,0.49904,0.82073,0.57605,0.60257,0.58755,0.63347,0.57057,2.1858e-05,2.2911e-05,2.7748e-05,1.4799e-05,4.8729e-05,2.6148e-05,2.9684e-05,1.9253e-05,3.6227e-05,1.3037e-05,0.74313,0.40609,0.53324,0.46168,0.63492,0.68486,0.59287,0.6861,0.59718,0.80972
78.75,0.53956,0.58245,0.72113,0.47157,0.81465,0.54944,0.57261,0.57306,0.63656,0.54868,2.0577e-05,2.2934e-05,2.7748e-05,1.3938e-05,4.8105e-05,2.5625e-05,2.7577e-05,1.8917e-05,3.5887e-05,1.2653e-05,0.74295,0.40692,0.53306,0.44653,0.63008,0.69085,0.57306,0.68941,0.59884,0.80606
79,0.5482,0.58457,0.72253,0.42474,0.80906,0.57293,0.61038,0.53801,0.64007,0.54936,2.0694e-05,2.3022e-05,2.7856e-05,1.3262e-05,4.707e-05,2.5732e-05,2.6077e-05,1.9255e-05,3.6233e-05,1.213e-05,0.74805,0.41153,0.53329,0.43222,0.62117,0.71161,0.56078,0.68614,0.59964,0.7791
79.25,0.55133,0.587,0.71798,0.43436,0.8056,0.55387,0.61084,0.5402,0.62768,0.54906,2.063e-05,2.3476e-05,2.7866e-05,1.2339e-05,4.594e-05,2.5474e-05,2.6179e-05,1.9444e-05,3.6387e-05,1.2057e-05,0.75049,0.41662,0.53011,0.41144,0.61257,0.70866,0.57274,0.68331,0.60281,0.78426
79.5,0.54527,0.58895,0.71925,0.44059,0.81374,0.53066,0.60817,0.50592,0.62198,0.5543,2.0546e-05,2.3144e-05,2.8139e-05,1.2459e-05,4.4884e-05,2.4815e-05,2.6245e-05,1.8961e-05,3.6469e-05,1.2091e-05,0.76094,0.41684,0.5263,0.41084,0.60298,0.6982,0.57928,0.67885,0.60649,0.80589
79.75,0.56547,0.59053,0.708,0.46034,0.80918,0.55105,0.60044,0.47254,0.62786,0.55044,2.1112e-05,2.3172e-05,2.8189e-05,1.2668e-05,4.474e-05,2.3832e-05,2.5972e-05,1.8544e-05,3.6002e-05,1.2097e-05,0.79362,0.4254,0.52504,0.41184,0.60482,0.68295,0.59075,0.67216,0.59879,0.81658
80,0.57026,0.59646,0.70935,0.47417,0.80218,0.55384,0.60398,0.45605,0.62806,0.54417,2.1407e-05,2.3158e-05,2.8292e-05,1.3023e-05,4.4138e-05,2.3852e-05,2.5862e-05,1.7157e-05,3.602e-05,1.2073e-05,0.806,0.42991,0.52648,0.41708,0.60127,0.68789,0.60505,0.64569,0.59988,0.824
80.25,0.57937,0.591,0.7097,0.53778,0.78738,0.55381,0.60183,0.43532,0.63216,0.54353,2.2143e-05,2.2325e-05,2.8422e-05,1.52e-05,4.3619e-05,2.3854e-05,2.5828e-05,1.6771e-05,3.6481e-05,1.2049e-05,0.83123,0.42305,0.52825,0.44561,0.60046,0.69225,0.61608,0.64354,0.60012,0.8301
80.5,0.57269,0.59733,0.72386,0.64093,0.79483,0.52642,0.59925,0.40322,0.64065,0.5112,2.201e-05,2.2402e-05,2.8475e-05,1.8354e-05,4.1869e-05,2.3199e-05,2.5787e-05,1.6079e-05,3.711e-05,1.1768e-05,0.8272,0.42853,0.5313,0.47851,0.5884,0.69925,0.62599,0.63257,0.60413,0.81004
80.75,0.5684,0.58168,0.71861,0.58356,0.832,0.52318,0.60657,0.40902,0.62214,0.5234,2.1446e-05,2.2377e-05,2.8135e-05,1.8611e-05,4.1395e-05,2.2065e-05,2.5637e-05,1.4978e-05,3.7077e-05,1.2151e-05,0.80424,0.43178,0.52251,0.48042,0.58833,0.70727,0.63501,0.60825,0.60837,0.80007
81,0.57701,0.57824,0.71418,0.5728,0.83201,0.512,0.60319,0.43571,0.60165,0.54181,2.139e-05,2.2057e-05,2.8256e-05,1.8334e-05,4.1529e-05,2.1422e-05,2.5874e-05,1.5045e-05,3.6605e-05,1.2689e-05,0.79476,0.43124,0.51587,0.48337,0.59888,0.71126,0.6494,0.61784,0.61287,0.80029
81.25,0.57239,0.58122,0.71096,0.57875,0.82883,0.5151,0.59084,0.37871,0.61581,0.62283,2.1328e-05,2.203e-05,2.7975e-05,1.8591e-05,4.1266e-05,2.1321e-05,2.6049e-05,1.4288e-05,3.4917e-05,1.5182e-05,0.79188,0.43532,0.50694,0.49493,0.59919,0.72533,0.65527,0.62223,0.6176,0.83582
81.5,0.58917,0.58531,0.70128,0.5915,0.83201,0.51705,0.57487,0.39877,0.63182,0.64871,2.2441e-05,2.2029e-05,2.7948e-05,1.9177e-05,4.1302e-05,2.1289e-05,2.5218e-05,1.3048e-05,3.5036e-05,1.6737e-05,0.79925,0.43979,0.50456,0.51055,0.59979,0.73085,0.66188,0.60823,0.63217,0.85495
81.75,0.5861,0.58534,0.71841,0.60655,0.831,0.49981,0.56417,0.39816,0.63546,0.62846,2.294e-05,2.233e-05,2.7934e-05,1.9351e-05,4.1339e-05,2.1237e-05,2.4581e-05,1.3067e-05,3.5394e-05,1.7008e-05,0.79802,0.45164,0.50255,0.51771,0.60472,0.73306,0.67219,0.61485,0.6427,0.85402
82,0.63466,0.59844,0.70752,0.61089,0.82765,0.50818,0.55815,0.40216,0.62993,0.63159,2.4075e-05,2.2819e-05,2.7938e-05,1.8991e-05,4.144e-05,2.0847e-05,2.3939e-05,1.3207e-05,3.5401e-05,1.7081e-05,0.80436,0.46849,0.50105,0.52188,0.61316,0.72628,0.67861,0.61587,0.6475,0.85202
82.25,0.64208,0.60849,0.7018,0.60585,0.82448,0.50443,0.57369,0.44102,0.63936,0.63774,2.505e-05,2.315e-05,2.8107e-05,1.9187e-05,4.0309e-05,2.0632e-05,2.373e-05,1.4861e-05,3.4406e-05,1.8028e-05,0.79942,0.4825,0.50176,0.52612,0.62471,0.72031,0.68572,0.64157,0.65126,0.84301
82.5,0.66819,0.61309,0.71735,0.59108,0.82745,0.50148,0.58896,0.46327,0.63909,0.64213,2.636e-05,2.3473e-05,2.8674e-05,1.9278e-05,3.9128e-05,2.0756e-05,2.3746e-05,1.5441e-05,3.439e-05,1.7966e-05,0.79105,0.49419,0.50698,0.5348,0.63595,0.7197,0.68663,0.64978,0.6605,0.81851
82.75,0.68333,0.63574,0.69807,0.5766,0.80222,0.50352,0.60097,0.4488,0.63821,0.63037,2.7773e-05,2.3398e-05,2.8558e-05,1.9437e-05,3.8139e-05,2.072e-05,2.2932e-05,1.5131e-05,3.444e-05,1.7962e-05,0.7884,0.49831,0.50384,0.53917,0.64437,0.70828,0.69196,0.65706,0.66505,0.81519
83,0.70326,0.63565,0.68943,0.59149,0.79472,0.51548,0.60748,0.45043,0.63718,0.62759,2.9197e-05,2.3619e-05,2.8395e-05,1.9071e-05,3.5704e-05,2.1538e-05,2.2912e-05,1.5435e-05,3.4598e-05,1.8098e-05,0.77544,0.5108,0.49666,0.5405,0.63905,0.70675,0.70025,0.67784,0.66541,0.80329
83.25,0.68477,0.64396,0.70797,0.56663,0.76551,0.53509,0.60346,0.45603,0.63324,0.60722,2.9219e-05,2.3344e-05,2.9977e-05,1.925e-05,3.3963e-05,2.1672e-05,2.2008e-05,1.557e-05,3.422e-05,1.8038e-05,0.75404,0.51784,0.49991,0.55506,0.64013,0.69718,0.68289,0.69492,0.6599,0.7985
83.5,0.66598,0.63956,0.71133,0.56333,0.74373,0.52613,0.60391,0.45763,0.63467,0.61379,2.8895e-05,2.3454e-05,3.1018e-05,1.9278e-05,3.1082e-05,2.1628e-05,2.1558e-05,1.5601e-05,3.3939e-05,1.8201e-05,0.73952,0.52153,0.50254,0.56154,0.63023,0.69816,0.67492,0.70597,0.65755,0.80245
83.75,0.67511,0.65039,0.71188,0.56629,0.74332,0.52461,0.59034,0.46414,0.62895,0.61507,2.9398e-05,2.4188e-05,3.1598e-05,1.9464e-05,2.8204e-05,2.1326e-05,2.1595e-05,1.5697e-05,3.3985e-05,1.8173e-05,0.74353,0.52859,0.50244,0.57304,0.61905,0.70678,0.6715,0.71712,0.65857,0.79901
84,0.69348,0.66255,0.71572,0.5578,0.72383,0.52674,0.58451,0.4587,0.60335,0.61992,3.0927e-05,2.5105e-05,3.1961e-05,1.9434e-05,2.6768e-05,2.1556e-05,2.181e-05,1.5712e-05,3.342e-05,1.831e-05,0.76784,0.53828,0.49929,0.57663,0.6222,0.71874,0.65985,0.73135,0.65522,0.80744
84.25,0.67642,0.69134,0.69567,0.56018,0.7412,0.51484,0.5843,0.45287,0.60785,0.6345,3.1135e-05,2.6031e-05,3.1855e-05,1.9673e-05,2.5663e-05,2.1372e-05,2.1108e-05,1.5351e-05,3.2146e-05,1.8395e-05,0.76639,0.55071,0.4971,0.5884,0.63293,0.72629,0.63748,0.7408,0.64111,0.80889
84.5,0.68755,0.66687,0.69195,0.5633,0.73998,0.55219,0.57142,0.4569,0.62059,0.62363,3.2014e-05,2.6001e-05,3.1347e-05,1.9873e-05,2.5661e-05,2.1023e-05,2.0807e-05,1.5157e-05,3.2128e-05,1.8344e-05,0.77602,0.55612,0.49122,0.60178,0.65262,0.73737,0.62888,0.74879,0.64545,0.81023
84.75,0.65776,0.65825,0.69248,0.55006,0.72627,0.55816,0.58274,0.45666,0.62027,0.64219,3.1635e-05,2.5949e-05,3.0783e-05,1.9637e-05,2.5535e-05,2.1253e-05,2.1024e-05,1.5365e-05,3.2283e-05,1.8274e-05,0.75913,0.56515,0.48403,0.61092,0.67109,0.74334,0.63658,0.76806,0.65524,0.82152
85,0.64837,0.65853,0.69808,0.5601,0.69904,0.56432,0.59057,0.47047,0.6102,0.64615,3.1398e-05,2.6029e-05,3.0623e-05,1.9214e-05,2.4312e-05,2.15e-05,2.1576e-05,1.5369e-05,3.2352e-05,1.8339e-05,0.73755,0.57653,0.48173,0.62086,0.67493,0.74966,0.65758,0.77413,0.6707,0.82229
85.25,0.66666,0.6471,0.69582,0.55858,0.64649,0.56507,0.60164,0.49984,0.63841,0.64912,3.1578e-05,2.5965e-05,3.0836e-05,1.9304e-05,2.3128e-05,2.1513e-05,2.1811e-05,1.5069e-05,3.0999e-05,1.8532e-05,0.71681,0.58215,0.48693,0.62767,0.66878,0.74808,0.67591,0.78725,0.67282,0.82887
85.5,0.68704,0.6527,0.68431,0.58819,0.73529,0.55676,0.61312,0.47679,0.6436,0.63095,3.3338e-05,2.6563e-05,3.0172e-05,1.8934e-05,2.2045e-05,2.1806e-05,2.2362e-05,1.5059e-05,3.1336e-05,1.8411e-05,0.71662,0.59115,0.48773,0.62427,0.66087,0.74447,0.69679,0.77926,0.68523,0.81632
85.75,0.69393,0.67281,0.67509,0.58704,0.78003,0.54067,0.61528,0.45595,0.63516,0.63273,3.4392e-05,2.8019e-05,2.9265e-05,1.8629e-05,2.4733e-05,2.1917e-05,2.2657e-05,1.4604e-05,3.1166e-05,1.8163e-05,0.71202,0.60601,0.48616,0.63862,0.68757,0.74731,0.70959,0.75402,0.69736,0.80311
86,0.6736,0.68371,0.67019,0.57842,0.76515,0.54889,0.61685,0.45625,0.63847,0.62598,3.4052e-05,2.8981e-05,2.8465e-05,1.8421e-05,2.6133e-05,2.2443e-05,2.2589e-05,1.3935e-05,3.0982e-05,1.8109e-05,0.70691,0.61699,0.48582,0.65167,0.69264,0.76246,0.72313,0.72985,0.71562,0.79526
86.25,0.65189,0.64129,0.64851,0.57969,0.74798,0.54614,0.61073,0.46326,0.64419,0.61756,3.3151e-05,2.8954e-05,2.8283e-05,1.803e-05,2.6383e-05,2.2551e-05,2.2537e-05,1.3868e-05,3.0635e-05,1.7926e-05,0.7061,0.6266,0.49275,0.6609,0.6748,0.76429,0.73429,0.72712,0.72561,0.78564
86.5,0.63372,0.65788,0.63932,0.57443,0.76324,0.54346,0.60982,0.44922,0.63842,0.64478,3.2124e-05,2.8588e-05,2.6558e-05,1.7999e-05,2.6772e-05,2.2421e-05,2.2356e-05,1.3884e-05,3.0784e-05,1.8e-05,0.69691,0.63644,0.48378,0.66846,0.65121,0.75351,0.73353,0.74179,0.72656,0.78616
86.75,0.64298,0.65451,0.64437,0.57116,0.74613,0.53771,0.61829,0.43989,0.63731,0.64248,3.3376e-05,2.8588e-05,2.6558e-05,1.7914e-05,2.5337e-05,2.3183e-05,2.2819e-05,1.3435e-05,3.0808e-05,1.8308e-05,0.70179,0.64189,0.48552,0.68034,0.61475,0.74684,0.73187,0.74727,0.72809,0.80423
87,0.6043,0.64276,0.63718,0.57494,0.74994,0.56829,0.6263,0.44131,0.63521,0.60999,3.2421e-05,2.8352e-05,2.6655e-05,1.7987e-05,2.6533e-05,2.4395e-05,2.3293e-05,1.3229e-05,3.0927e-05,1.7704e-05,0.69695,0.64242,0.48783,0.69426,0.60956,0.73981,0.73014,0.75688,0.73566,0.80756
87.25,0.6129,0.64059,0.62367,0.56476,0.72851,0.58803,0.62583,0.42617,0.6102,0.5969,3.2216e-05,2.7518e-05,2.5914e-05,1.8392e-05,2.5077e-05,2.5519e-05,2.3446e-05,1.3496e-05,3.0763e-05,1.6622e-05,0.69545,0.63319,0.48612,0.69752,0.57896,0.73694,0.72725,0.76104,0.73715,0.80906
87.5,0.6085,0.62753,0.63181,0.54882,0.72917,0.58344,0.60708,0.44736,0.57399,0.62944,3.211e-05,2.7045e-05,2.5228e-05,1.8379e-05,2.462e-05,2.5766e-05,2.3772e-05,1.3694e-05,2.962e-05,1.5791e-05,0.68723,0.62923,0.48446,0.70716,0.56578,0.72973,0.73577,0.76452,0.74205,0.80932
87.75,0.61568,0.63982,0.6272,0.54485,0.74769,0.59591,0.59445,0.44376,0.60399,0.63801,3.175e-05,2.616e-05,2.5185e-05,1.8743e-05,2.5165e-05,2.5535e-05,2.3314e-05,1.3643e-05,2.8366e-05,1.6173e-05,0.67655,0.61814,0.48653,0.71175,0.56161,0.72539,0.71993,0.76081,0.74664,0.82867
88,0.62064,0.63636,0.63321,0.5188,0.74692,0.58949,0.58094,0.45175,0.61245,0.63733,3.2801e-05,2.6122e-05,2.4795e-05,1.8899e-05,2.5582e-05,2.5574e-05,2.2905e-05,1.3819e-05,2.8727e-05,1.6226e-05,0.69466,0.61654,0.48753,0.7243,0.56196,0.72194,0.70471,0.78079,0.76016,0.83295
88.25,0.62536,0.63571,0.63127,0.51647,0.73111,0.59199,0.57937,0.43542,0.617,0.65431,3.322e-05,2.6143e-05,2.5432e-05,1.8877e-05,2.5494e-05,2.5571e-05,2.2162e-05,1.3748e-05,2.9482e-05,1.646e-05,0.70682,0.62032,0.50133,0.72893,0.56261,0.71726,0.67991,0.77507,0.77478,0.83776
88.5,0.63321,0.62891,0.63098,0.51636,0.73312,0.58529,0.57603,0.4309,0.61027,0.6626,3.3867e-05,2.6421e-05,2.5071e-05,1.8877e-05,2.5403e-05,2.5657e-05,2.2113e-05,1.346e-05,2.8903e-05,1.6857e-05,0.71986,0.63386,0.49762,0.73516,0.56297,0.70954,0.66539,0.76059,0.76089,0.8559
88.75,0.63725,0.62681,0.63436,0.51706,0.73162,0.59061,0.57898,0.42581,0.59473,0.64741,3.4338e-05,2.6478e-05,2.5603e-05,1.8901e-05,2.5402e-05,2.5719e-05,2.1895e-05,1.3346e-05,2.8681e-05,1.685e-05,0.72912,0.64812,0.50968,0.74206,0.56174,0.69947,0.65556,0.75338,0.74887,0.85091
89,0.6393,0.64036,0.62583,0.52098,0.7414,0.59166,0.57804,0.41942,0.63462,0.64664,3.4158e-05,2.6145e-05,2.5573e-05,1.914e-05,2.5084e-05,2.5719e-05,2.1863e-05,1.3213e-05,2.8349e-05,1.6876e-05,0.72212,0.65692,0.51553,0.75874,0.56302,0.69528,0.65636,0.74241,0.72688,0.85068
89.25,0.645,0.63879,0.63535,0.52537,0.72971,0.59552,0.58816,0.43076,0.63064,0.62899,3.4158e-05,2.6136e-05,2.556e-05,1.9189e-05,2.5921e-05,2.6484e-05,2.3065e-05,1.3192e-05,2.9344e-05,1.8062e-05,0.72426,0.66035,0.52384,0.76548,0.56461,0.69129,0.68551,0.74078,0.73157,0.85366
89.5,0.65094,0.64026,0.64498,0.51087,0.72284,0.60498,0.55173,0.4133,0.66576,0.62718,3.3816e-05,2.6118e-05,2.6184e-05,1.9326e-05,2.6066e-05,2.7244e-05,2.3058e-05,1.3602e-05,3.0356e-05,1.8587e-05,0.7147,0.66005,0.53775,0.76231,0.56139,0.68308,0.68176,0.74478,0.73698,0.84715
89.75,0.6487,0.63536,0.64332,0.49675,0.71757,0.60598,0.5069,0.42983,0.68964,0.64226,3.384e-05,2.6408e-05,2.649e-05,1.9444e-05,2.5931e-05,2.7323e-05,2.2254e-05,1.3977e-05,3.1162e-05,1.8858e-05,0.70919,0.67439,0.54517,0.77443,0.5678,0.66865,0.67982,0.74373,0.73881,0.84001
90,0.64654,0.63605,0.63192,0.50549,0.73843,0.6012,0.49472,0.41758,0.73502,0.64527,3.4175e-05,2.661e-05,2.6244e-05,1.9356e-05,2.7257e-05,2.7325e-05,2.1272e-05,1.3946e-05,3.5362e-05,1.8988e-05,0.71731,0.68669,0.54369,0.78931,0.59066,0.66556,0.66362,0.73383,0.76072,0.82979
90.25,0.66879,0.63914,0.62819,0.50097,0.73777,0.62807,0.4941,0.41501,0.72257,0.63886,3.4366e-05,2.6499e-05,2.5364e-05,1.9361e-05,2.7804e-05,2.7038e-05,2.134e-05,1.4378e-05,3.675e-05,1.8995e-05,0.71825,0.69462,0.53147,0.79209,0.59869,0.66977,0.65899,0.71937,0.76439,0.81802
90.5,0.68376,0.64241,0.62489,0.50339,0.74562,0.62139,0.50773,0.38266,0.76132,0.64062,3.4914e-05,2.6799e-05,2.5162e-05,2.0067e-05,2.8568e-05,2.6812e-05,2.1716e-05,1.4079e-05,3.7242e-05,1.8994e-05,0.73466,0.70667,0.53006,0.796,0.61209,0.65739,0.65626,0.7047,0.76236,0.80659
90.75,0.67807,0.63792,0.6279,0.526,0.74661,0.61167,0.50419,0.38207,0.77682,0.63643,3.5041e-05,2.6823e-05,2.4842e-05,2.103e-05,2.8643e-05,2.71e-05,2.1679e-05,1.4155e-05,3.9223e-05,1.94e-05,0.73523,0.71084,0.52544,0.80083,0.61641,0.66161,0.65156,0.69849,0.7579,0.81045
91,0.68957,0.63603,0.62945,0.55453,0.75497,0.61441,0.48936,0.3654,0.78603,0.63184,3.5673e-05,2.6944e-05,2.4852e-05,2.254e-05,2.9253e-05,2.6862e-05,2.1376e-05,1.4321e-05,4.1335e-05,1.9494e-05,0.74404,0.71588,0.52751,0.80817,0.62404,0.65407,0.63516,0.69851,0.75306,0.8026
91.25,0.68998,0.63094,0.62974,0.58441,0.73153,0.61863,0.46891,0.33751,0.75421,0.63035,3.6028e-05,2.667e-05,2.503e-05,2.3831e-05,2.8981e-05,2.7102e-05,2.0676e-05,1.366e-05,4.0939e-05,1.943e-05,0.75315,0.71045,0.52931,0.80395,0.61614,0.6584,0.61312,0.68572,0.73256,0.78622
91.5,0.68029,0.61947,0.64062,0.5702,0.73445,0.61246,0.44218,0.36402,0.74785,0.63999,3.6087e-05,2.6461e-05,2.6143e-05,2.3861e-05,2.9655e-05,2.7102e-05,1.9939e-05,1.2672e-05,4.0186e-05,1.9417e-05,0.74892,0.70389,0.53316,0.79183,0.62494,0.6565,0.58713,0.67107,0.7149,0.77229
91.75,0.68614,0.61179,0.67028,0.56061,0.70676,0.6152,0.46562,0.35996,0.74742,0.64838,3.6606e-05,2.5821e-05,2.7072e-05,2.3916e-05,2.9435e-05,2.7529e-05,1.9619e-05,1.2922e-05,3.9935e-05,1.926e-05,0.73689,0.6845,0.53393,0.79507,0.61711,0.67174,0.56361,0.68144,0.70594,0.75915
92,0.65099,0.6093,0.68351,0.55871,0.70114,0.61763,0.51929,0.35706,0.74669,0.64444,3.731e-05,2.5239e-05,2.8367e-05,2.3898e-05,2.9241e-05,2.7803e-05,2.2364e-05,1.2933e-05,4.0087e-05,1.9252e-05,0.74583,0.66925,0.54242,0.79963,0.60506,0.67947,0.58235,0.68114,0.70354,0.74518
92.25,0.65453,0.60311,0.66107,0.56123,0.70949,0.61643,0.54767,0.36227,0.74948,0.64165,3.7901e-05,2.5164e-05,2.8189e-05,2.4209e-05,2.9343e-05,2.7601e-05,2.3962e-05,1.3338e-05,3.9791e-05,1.9238e-05,0.75239,0.668,0.54255,0.81467,0.59358,0.67438,0.59145,0.69666,0.69444,0.72902
92.5,0.66126,0.6113,0.64502,0.56111,0.67799,0.61752,0.55602,0.37481,0.74467,0.64259,3.8313e-05,2.4846e-05,2.772e-05,2.4222e-05,2.9955e-05,2.7766e-05,2.3999e-05,1.3579e-05,3.973e-05,1.926e-05,0.75463,0.6588,0.54735,0.81582,0.60136,0.67719,0.58711,0.70743,0.68878,0.71208
92.75,0.66765,0.60968,0.64206,0.56011,0.68324,0.62806,0.57088,0.39724,0.75651,0.64514,3.8865e-05,2.4839e-05,2.7408e-05,2.4313e-05,3.0533e-05,2.7581e-05,2.4852e-05,1.4162e-05,3.9234e-05,1.9381e-05,0.75989,0.65889,0.54879,0.82374,0.61148,0.67294,0.58675,0.73026,0.67583,0.69711
93,0.6681,0.59942,0.62895,0.55643,0.68595,0.62591,0.54633,0.41571,0.76125,0.65358,3.9126e-05,2.4758e-05,2.8101e-05,2.4245e-05,3.0939e-05,2.7575e-05,2.4757e-05,1.4487e-05,3.9853e-05,2.0133e-05,0.76138,0.65972,0.56362,0.84517,0.61793,0.674,0.58319,0.75054,0.68436,0.68282
93.25,0.66881,0.61076,0.62927,0.53156,0.69082,0.61731,0.52941,0.41355,0.76052,0.6503,3.8582e-05,2.3804e-05,2.6245e-05,2.369e-05,3.1487e-05,2.7669e-05,2.4411e-05,1.4483e-05,4.0278e-05,2.0083e-05,0.75463,0.65945,0.56165,0.84758,0.62556,0.66589,0.58282,0.75081,0.68728,0.66093
93.5,0.6756,0.60161,0.63186,0.53511,0.69794,0.63727,0.51693,0.41272,0.76531,0.65344,3.9343e-05,2.3721e-05,2.4818e-05,2.2918e-05,3.2007e-05,2.7862e-05,2.3541e-05,1.443e-05,4.075e-05,2.0261e-05,0.74733,0.6623,0.55496,0.84596,0.63162,0.6537,0.57526,0.74406,0.68949,0.6482
93.75,0.66935,0.59107,0.62922,0.54528,0.69298,0.62981,0.50419,0.42079,0.77627,0.66828,3.9013e-05,2.3311e-05,2.4748e-05,2.3225e-05,3.192e-05,2.7898e-05,2.3222e-05,1.4369e-05,4.2078e-05,2.1761e-05,0.73091,0.65876,0.55485,0.86834,0.62706,0.65156,0.56911,0.73567,0.70218,0.64884
94,0.66825,0.5912,0.64149,0.54355,0.6858,0.61487,0.51924,0.41722,0.77965,0.73167,3.9044e-05,2.2949e-05,2.4977e-05,2.293e-05,3.1899e-05,2.7663e-05,2.2666e-05,1.4268e-05,4.3001e-05,2.3978e-05,0.7253,0.65617,0.55542,0.85483,0.62469,0.65385,0.56243,0.73404,0.70991,0.66065
94.25,0.68469,0.61628,0.63599,0.54787,0.68475,0.60327,0.51828,0.4209,0.77599,0.74977,3.9121e-05,2.3485e-05,2.4981e-05,2.2959e-05,3.1932e-05,2.6725e-05,2.2659e-05,1.4688e-05,4.3363e-05,2.6245e-05,0.71932,0.65842,0.54996,0.85451,0.62234,0.6581,0.55774,0.73302,0.71078,0.66687
94.5,0.69016,0.61003,0.63655,0.55701,0.70609,0.60232,0.51634,0.4152,0.76361,0.74536,3.9097e-05,2.3207e-05,2.4617e-05,2.3104e-05,3.1964e-05,2.62e-05,2.2656e-05,1.4666e-05,4.3081e-05,2.6943e-05,0.72799,0.64426,0.54081,0.86637,0.61991,0.66725,0.55363,0.72378,0.6981,0.65971
94.75,0.65569,0.62736,0.63604,0.55309,0.70053,0.59528,0.50872,0.42934,0.76458,0.72788,3.8728e-05,2.5117e-05,2.495e-05,2.2951e-05,3.2096e-05,2.5873e-05,2.2127e-05,1.4864e-05,4.3033e-05,2.6817e-05,0.71978,0.65175,0.53782,0.85689,0.61486,0.67644,0.53842,0.73965,0.69151,0.64302
95,0.67429,0.63609,0.62594,0.55516,0.697,0.551,0.49748,0.44729,0.76325,0.73282,3.7281e-05,2.6229e-05,2.5045e-05,2.3268e-05,3.1842e-05,2.5251e-05,2.1769e-05,1.5207e-05,4.3755e-05,2.6734e-05,0.70642,0.65342,0.53267,0.86454,0.60541,0.67597,0.52718,0.74701,0.70088,0.63087
95.25,0.68031,0.63967,0.61452,0.55588,0.69288,0.59454,0.52588,0.45206,0.75404,0.7274,3.7625e-05,2.6736e-05,2.4222e-05,2.3448e-05,3.1669e-05,2.2703e-05,2.1588e-05,1.5348e-05,4.372e-05,2.7074e-05,0.69773,0.6487,0.51347,0.86739,0.59671,0.66045,0.52076,0.74783,0.70147,0.62273
95.5,0.69354,0.63005,0.61313,0.5642,0.69982,0.59482,0.51629,0.4479,0.75676,0.72552,3.8882e-05,2.6718e-05,2.3571e-05,2.3475e-05,3.14e-05,2.2666e-05,2.1505e-05,1.5348e-05,4.3505e-05,2.7119e-05,0.68935,0.64375,0.4962,0.86445,0.58477,0.66518,0.51728,0.74065,0.69745,0.61406
95.75,0.72139,0.6334,0.61137,0.56635,0.69451,0.59955,0.50702,0.44874,0.75635,0.72028,4.1829e-05,2.6859e-05,2.3054e-05,2.3742e-05,3.1485e-05,2.2679e-05,2.17e-05,1.5348e-05,4.3501e-05,2.7065e-05,0.6934,0.6385,0.48335,0.87106,0.58398,0.66968,0.51869,0.73319,0.69232,0.60776
96,0.73694,0.63132,0.60974,0.56485,0.69458,0.60232,0.52162,0.4518,0.74443,0.72012,4.4459e-05,2.6865e-05,2.3133e-05,2.3523e-05,3.1551e-05,2.2807e-05,2.268e-05,1.5346e-05,4.379e-05,2.743e-05,0.693,0.63693,0.48351,0.85757,0.58379,0.67352,0.53294,0.72939,0.70124,0.60028
96.25,0.71434,0.61547,0.62244,0.56328,0.69986,0.57387,0.51453,0.44205,0.73013,0.71556,4.4737e-05,2.6179e-05,2.3654e-05,2.3453e-05,3.237e-05,2.2692e-05,2.2785e-05,1.5816e-05,4.2388e-05,2.7388e-05,0.68135,0.62016,0.49271,0.8482,0.59624,0.66579,0.53191,0.71807,0.69992,0.58973
96.5,0.71139,0.62385,0.64166,0.55928,0.69587,0.59783,0.51686,0.45881,0.71394,0.71744,4.4746e-05,2.5877e-05,2.4882e-05,2.3393e-05,3.25e-05,2.233e-05,2.2573e-05,1.6229e-05,4.0922e-05,2.7443e-05,0.67281,0.61419,0.50874,0.83848,0.59903,0.6485,0.52411,0.70511,0.69978,0.58649
96.75,0.71271,0.62966,0.65624,0.56076,0.70574,0.60726,0.52174,0.42688,0.72518,0.71458,4.4979e-05,2.6137e-05,2.5215e-05,2.3152e-05,3.3549e-05,2.294e-05,2.3217e-05,1.6291e-05,3.8618e-05,2.7158e-05,0.66317,0.61838,0.51259,0.82308,0.61209,0.65118,0.53356,0.69998,0.69172,0.57332
97,0.7178,0.64603,0.65356,0.56091,0.70028,0.60939,0.54864,0.42089,0.74243,0.71216,4.5713e-05,2.7218e-05,2.4746e-05,2.3215e-05,3.3766e-05,2.3628e-05,2.2773e-05,1.6073e-05,3.7872e-05,2.7423e-05,0.6537,0.63849,0.51334,0.81014,0.61593,0.65507,0.53482,0.68122,0.68678,0.57166
97.25,0.72115,0.62344,0.64907,0.57363,0.70032,0.58215,0.55511,0.43176,0.73979,0.72082,4.6302e-05,2.7025e-05,2.4819e-05,2.4786e-05,3.3913e-05,2.2475e-05,2.31e-05,1.6814e-05,3.7798e-05,2.7838e-05,0.64288,0.63982,0.51231,0.81466,0.61722,0.65315,0.53879,0.69596,0.67672,0.57233
97.5,0.71766,0.62918,0.64431,0.60994,0.68816,0.58914,0.56613,0.39627,0.73902,0.73547,4.6532e-05,2.7e-05,2.4851e-05,2.603e-05,3.4299e-05,2.2187e-05,2.3746e-05,1.6735e-05,3.7499e-05,2.9109e-05,0.63215,0.64334,0.50977,0.81845,0.61356,0.65414,0.54792,0.68733,0.66328,0.58557
97.75,0.71973,0.64158,0.64631,0.62178,0.69771,0.59117,0.56405,0.40591,0.73928,0.73057,4.6263e-05,2.7103e-05,2.5047e-05,2.6992e-05,3.541e-05,2.2182e-05,2.3928e-05,1.7164e-05,3.8129e-05,2.9523e-05,0.61556,0.63718,0.50803,0.8094,0.61362,0.65285,0.54839,0.68147,0.65187,0.58677
98,0.71808,0.64014,0.64428,0.61981,0.71185,0.58442,0.55768,0.40633,0.74278,0.72749,4.6249e-05,2.5304e-05,2.4981e-05,2.7174e-05,3.6759e-05,2.1932e-05,2.3705e-05,1.7252e-05,3.859e-05,2.9639e-05,0.60317,0.62398,0.507,0.79636,0.61568,0.65261,0.54085,0.6704,0.64133,0.58377
98.25,0.71099,0.61795,0.64518,0.6383,0.70286,0.56536,0.58162,0.40107,0.74721,0.72034,4.6206e-05,2.4479e-05,2.5063e-05,2.8284e-05,3.6798e-05,2.1855e-05,2.4375e-05,1.7281e-05,3.9137e-05,2.9367e-05,0.59617,0.61975,0.50492,0.79461,0.61149,0.66148,0.54844,0.66348,0.63346,0.57366
98.5,0.71583,0.62764,0.64577,0.63566,0.69644,0.58531,0.57757,0.39678,0.76284,0.71771,4.673e-05,2.3196e-05,2.5128e-05,2.7991e-05,3.6808e-05,2.0916e-05,2.4269e-05,1.7299e-05,4.0811e-05,2.9227e-05,0.59597,0.61059,0.50187,0.76862,0.6079,0.65618,0.54864,0.65199,0.63308,0.56376
98.75,0.70612,0.6315,0.64752,0.64347,0.69665,0.58593,0.56296,0.43164,0.77677,0.72332,4.6704e-05,2.3207e-05,2.5352e-05,2.8135e-05,3.6831e-05,2.0938e-05,2.5087e-05,1.7638e-05,4.3025e-05,2.9079e-05,0.5877,0.61,0.49888,0.75418,0.60499,0.65607,0.54656,0.63637,0.6336,0.55699
99,0.7102,0.61541,0.6421,0.6405,0.69743,0.59328,0.56419,0.4259,0.81583,0.72929,4.7048e-05,2.3095e-05,2.5253e-05,2.8175e-05,3.6887e-05,2.0529e-05,2.523e-05,1.7191e-05,4.5558e-05,2.946e-05,0.5897,0.61104,0.49559,0.74761,0.60288,0.63936,0.53843,0.62249,0.63771,0.56345
99.25,0.70972,0.63985,0.64218,0.63121,0.69218,0.59488,0.57616,0.47698,0.79919,0.73974,4.6717e-05,2.2597e-05,2.5394e-05,2.8512e-05,3.7478e-05,2.0835e-05,2.5467e-05,1.7604e-05,4.5621e-05,3.0455e-05,0.58014,0.61128,0.49829,0.75802,0.59689,0.63486,0.53242,0.61866,0.62097,0.57559
99.5,0.70478,0.64113,0.6565,0.6257,0.70373,0.60801,0.58693,0.49091,0.78762,0.74331,4.6702e-05,2.3243e-05,2.5189e-05,2.841e-05,3.8595e-05,2.1892e-05,2.5757e-05,1.8042e-05,4.5574e-05,3.1088e-05,0.5746,0.62429,0.49955,0.76051,0.59519,0.63446,0.5307,0.60894,0.61294,0.58205
99.75,0.70833,0.66967,0.65718,0.61605,0.71888,0.61894,0.58146,0.50655,0.78548,0.74116,4.6564e-05,2.3984e-05,2.5272e-05,2.8165e-05,4.0291e-05,2.2258e-05,2.5761e-05,1.8514e-05,4.5765e-05,3.142e-05,0.56833,0.63844,0.49979,0.75535,0.59457,0.62279,0.52539,0.60249,0.60518,0.5847
