19.75,0.48201,0.64351,0.55559,0.69206,0.62907,0.3232,0.57926,0.71971,0.73977,0.70526,1.7654e-05,2.5224e-05,2.2176e-05,3.4316e-05,2.6584e-05,1.2102e-05,1.6517e-05,4.3016e-05,3.2376e-05,3.9227e-05,0.0042286,0.0050611,0.0047456,0.0059288,0.0052122,0.0034984,0.0040921,0.0066373,0.0057352,0.0063272
20,0.48966,0.64913,0.57857,0.68734,0.64253,0.31007,0.61166,0.71889,0.74041,0.70093,1.7802e-05,2.5814e-05,2.2566e-05,3.4322e-05,2.6747e-05,1.2114e-05,1.608e-05,4.3133e-05,3.254e-05,3.926e-05,0.0042458,0.0051196,0.0047867,0.0059289,0.0052277,0.0035,0.0040373,0.006646,0.0057492,0.0063297
20.25,0.49667,0.64231,0.54882,0.68819,0.62634,0.29692,0.60142,0.72506,0.7408,0.69789,1.7833e-05,2.5826e-05,2.2116e-05,3.431e-05,2.6715e-05,1.2233e-05,1.6199e-05,4.304e-05,3.2916e-05,3.9324e-05,0.0042492,0.0051206,0.0047392,0.005927,0.0052242,0.0035171,0.0040526,0.0066375,0.0057818,0.0063356
20.5,0.4878,0.67213,0.55916,0.68085,0.63291,0.2774,0.59254,0.73471,0.74275,0.68107,1.7687e-05,2.6329e-05,2.1788e-05,3.4289e-05,2.6571e-05,1.1364e-05,1.6014e-05,4.3054e-05,3.2852e-05,3.8839e-05,0.0042321,0.0051697,0.0047042,0.0059243,0.0052102,0.0033894,0.0040296,0.0066376,0.0057755,0.0062964
20.75,0.46888,0.67353,0.56115,0.69772,0.63399,0.23559,0.5948,0.73624,0.73772,0.67068,1.7923e-05,2.6779e-05,2.1797e-05,3.3517e-05,2.666e-05,1.1225e-05,1.5966e-05,4.3114e-05,3.2624e-05,3.8404e-05,0.00426,0.0052138,0.004705,0.0058559,0.0052186,0.003368,0.0040239,0.0066421,0.0057553,0.006261
21,0.48852,0.65935,0.56412,0.68706,0.63255,0.24983,0.5867,0.73293,0.74275,0.66557,1.8008e-05,2.669e-05,2.2095e-05,3.3865e-05,2.664e-05,1.1076e-05,1.5907e-05,4.3102e-05,3.2555e-05,3.7334e-05,0.0042699,0.0052057,0.0047369,0.0058861,0.0052163,0.0033451,0.0040165,0.006641,0.0057492,0.0061734
21.25,0.47444,0.66345,0.55071,0.68092,0.63466,0.25292,0.58117,0.73095,0.74523,0.67721,1.7883e-05,2.6932e-05,2.1998e-05,3.393e-05,2.6928e-05,1.109e-05,1.5881e-05,4.3059e-05,3.4286e-05,3.6878e-05,0.0042549,0.0052295,0.0047265,0.0058918,0.0052442,0.0033468,0.0040133,0.0066375,0.0059016,0.0061363
21.5,0.47877,0.65181,0.55216,0.67599,0.63273,0.24968,0.57834,0.74214,0.74833,0.6792,1.7648e-05,2.6934e-05,2.1842e-05,3.3393e-05,2.7047e-05,1.1102e-05,1.5744e-05,4.306e-05,3.5489e-05,3.7192e-05,0.0042265,0.0052301,0.00471,0.0058454,0.0052557,0.0033486,0.003996,0.0066376,0.0060054,0.0061623
21.75,0.48212,0.65106,0.55558,0.67366,0.65857,0.2543,0.58155,0.7393,0.77181,0.68045,1.7841e-05,2.6993e-05,2.2475e-05,3.3374e-05,2.8269e-05,1.1111e-05,1.5707e-05,4.2902e-05,3.7513e-05,3.6939e-05,0.0042492,0.0052365,0.0047782,0.0058445,0.0053738,0.0033497,0.0039913,0.0066255,0.0061757,0.0061406
22,0.48013,0.65526,0.53401,0.68225,0.69041,0.287,0.58402,0.73818,0.7606,0.68174,1.7854e-05,2.6967e-05,2.2048e-05,3.2591e-05,3.0254e-05,1.2487e-05,1.5697e-05,4.3162e-05,3.8145e-05,3.7378e-05,0.0042507,0.0052347,0.0047328,0.0057758,0.0055596,0.0035514,0.0039901,0.0066459,0.0062281,0.0061772
22.25,0.47894,0.66518,0.51842,0.68211,0.67598,0.3302,0.59358,0.74486,0.75268,0.66747,1.7878e-05,2.8195e-05,2.1849e-05,3.2621e-05,3.047e-05,1.3003e-05,1.5538e-05,4.4071e-05,3.8193e-05,3.7364e-05,0.0042534,0.0053536,0.0047115,0.0057781,0.0055797,0.0036242,0.0039695,0.0067164,0.0062324,0.0061755
22.5,0.4699,0.69461,0.52751,0.67777,0.66604,0.32437,0.59321,0.74931,0.75119,0.66873,1.8127e-05,3.0209e-05,2.1181e-05,3.2818e-05,3.0464e-05,1.3068e-05,1.5515e-05,4.4918e-05,3.8193e-05,3.7324e-05,0.0042827,0.0055431,0.0046392,0.0057952,0.0055787,0.003633,0.0039666,0.0067815,0.0062326,0.006172
22.75,0.4581,0.69265,0.52959,0.70205,0.66508,0.31941,0.58914,0.72994,0.75256,0.67775,1.8072e-05,3.1263e-05,2.1399e-05,3.3406e-05,3.0612e-05,1.2717e-05,1.5567e-05,4.4846e-05,3.9569e-05,3.7104e-05,0.0042761,0.0056402,0.0046632,0.0058467,0.0055922,0.0035837,0.0039733,0.0067761,0.0063447,0.0061532
23,0.4315,0.6942,0.52159,0.66289,0.66319,0.30958,0.59136,0.72136,0.76232,0.6881,1.7685e-05,3.1172e-05,2.2155e-05,3.3437e-05,3.0604e-05,1.2617e-05,1.5315e-05,4.4235e-05,4.1238e-05,3.8124e-05,0.0042295,0.0056332,0.004745,0.0058484,0.0055911,0.0035693,0.0039414,0.0067304,0.0064784,0.0062374
23.25,0.43475,0.70203,0.51483,0.65914,0.66605,0.3173,0.58673,0.71502,0.75706,0.69841,1.7179e-05,3.1889e-05,2.1179e-05,3.3333e-05,3.0282e-05,1.2893e-05,1.5295e-05,4.3173e-05,4.1646e-05,3.8889e-05,0.0041684,0.0056985,0.0046389,0.0058389,0.0055609,0.0036077,0.003939,0.0066496,0.0065117,0.0063001
23.5,0.4422,0.7228,0.51182,0.65307,0.66206,0.33075,0.56933,0.71728,0.75267,0.69459,1.7351e-05,3.242e-05,2.0608e-05,3.3145e-05,3.1482e-05,1.3238e-05,1.5255e-05,4.3097e-05,4.1432e-05,3.9082e-05,0.0041895,0.0057469,0.0045754,0.0058221,0.0056687,0.0036553,0.0039337,0.0066438,0.0064961,0.0063155
23.75,0.45076,0.7516,0.51021,0.63589,0.66363,0.33857,0.56353,0.72191,0.74931,0.67545,1.7622e-05,3.2932e-05,2.1062e-05,3.2771e-05,3.2005e-05,1.307e-05,1.513e-05,4.3041e-05,4.1223e-05,3.9137e-05,0.0042223,0.0057926,0.004625,0.0057889,0.0057142,0.0036318,0.0039177,0.0066394,0.0064806,0.0063193
24,0.46283,0.74242,0.52248,0.64059,0.66744,0.32632,0.56149,0.7318,0.74517,0.68877,1.7862e-05,3.3214e-05,2.1584e-05,3.105e-05,3.2048e-05,1.3332e-05,1.5481e-05,4.3614e-05,4.0753e-05,3.835e-05,0.0042511,0.005818,0.0046813,0.0056352,0.0057167,0.0036678,0.0039625,0.006683,0.0064442,0.0062552
24.25,0.46763,0.7328,0.50737,0.65752,0.66318,0.28643,0.56484,0.74063,0.75182,0.69284,1.7952e-05,3.325e-05,2.157e-05,3.0645e-05,3.2069e-05,1.2994e-05,1.5669e-05,4.4556e-05,4.0387e-05,3.807e-05,0.0042622,0.005821,0.0046796,0.0055981,0.0057178,0.0036213,0.0039862,0.0067539,0.0064159,0.0062321
24.5,0.45308,0.73968,0.48822,0.67057,0.65903,0.30329,0.58626,0.73251,0.74996,0.68733,1.7928e-05,3.3942e-05,2.1506e-05,3.0778e-05,3.2244e-05,1.2505e-05,1.5485e-05,4.4642e-05,4.0427e-05,3.7766e-05,0.0042595,0.0058811,0.0046725,0.0056092,0.005733,0.0035528,0.0039626,0.0067601,0.0064191,0.006206
24.75,0.44337,0.75183,0.53115,0.6656,0.66342,0.30627,0.57984,0.73932,0.75276,0.68233,1.7734e-05,3.3751e-05,2.1037e-05,3.0554e-05,3.2434e-05,1.2781e-05,1.5539e-05,4.3137e-05,4.1294e-05,3.7203e-05,0.0042366,0.0058641,0.004621,0.0055884,0.0057499,0.0035915,0.0039694,0.006644,0.006487,0.0061584
25,0.43361,0.75219,0.52811,0.68261,0.64465,0.29728,0.59114,0.73552,0.75096,0.66407,1.7401e-05,3.3783e-05,2.1067e-05,3.0016e-05,3.1888e-05,1.2499e-05,1.5318e-05,4.2679e-05,4.1246e-05,3.7047e-05,0.004197,0.0058672,0.0046244,0.005539,0.0057006,0.0035519,0.0039411,0.0066079,0.0064832,0.0061438
25.25,0.42481,0.7546,0.51854,0.6778,0.65096,0.29979,0.58732,0.72861,0.76206,0.62828,1.7422e-05,3.3638e-05,2.1278e-05,2.9978e-05,3.0338e-05,1.2455e-05,1.5474e-05,4.293e-05,4.0634e-05,3.4819e-05,0.0041996,0.0058549,0.0046471,0.0055343,0.0055594,0.0035457,0.0039611,0.0066261,0.0064353,0.0059546
25.5,0.4243,0.75426,0.50363,0.66896,0.64972,0.29909,0.56632,0.69736,0.76589,0.61635,1.729e-05,3.3504e-05,2.0168e-05,2.9852e-05,2.9948e-05,1.2457e-05,1.5482e-05,4.1828e-05,4.1376e-05,3.203e-05,0.0041839,0.0058437,0.0045247,0.0055218,0.005523,0.003546,0.0039615,0.0065394,0.006493,0.0057096
25.75,0.42275,0.75646,0.54701,0.66855,0.66383,0.29025,0.54548,0.747,0.7632,0.61909,1.7338e-05,3.3844e-05,2.0059e-05,2.9422e-05,2.9664e-05,1.2842e-05,1.5479e-05,3.9103e-05,3.9981e-05,3.0619e-05,0.0041898,0.005873,0.0045124,0.0054811,0.0054962,0.0036009,0.0039609,0.0063219,0.006382,0.0055808
26,0.43315,0.75387,0.57774,0.66534,0.66013,0.32173,0.55868,0.74605,0.76141,0.58793,1.7393e-05,3.37e-05,2.0385e-05,2.9465e-05,2.9898e-05,1.2631e-05,1.517e-05,3.9231e-05,3.9879e-05,3.0322e-05,0.0041967,0.0058601,0.004548,0.0054845,0.0055181,0.0035715,0.0039209,0.0063325,0.0063733,0.005553
26.25,0.42696,0.74383,0.58742,0.65433,0.668,0.34188,0.56538,0.7467,0.76416,0.54333,1.7363e-05,3.3447e-05,2.0921e-05,2.912e-05,2.8832e-05,1.2379e-05,1.5547e-05,3.933e-05,4.0509e-05,2.8165e-05,0.0041937,0.0058381,0.004607,0.005451,0.0054191,0.0035356,0.0039695,0.0063409,0.0064227,0.0053504
26.5,0.40809,0.73707,0.59429,0.66746,0.67406,0.34883,0.61076,0.74705,0.76789,0.54108,1.7126e-05,3.29e-05,2.1383e-05,2.902e-05,2.88e-05,1.2652e-05,1.6775e-05,3.9464e-05,4.1243e-05,2.5407e-05,0.0041652,0.0057898,0.0046572,0.0054404,0.0054161,0.0035743,0.0041234,0.006352,0.0064799,0.0050804
26.75,0.43431,0.75901,0.60223,0.66182,0.66554,0.37092,0.56252,0.74593,0.78003,0.54588,1.7479e-05,3.2239e-05,2.1562e-05,2.8997e-05,2.847e-05,1.3086e-05,1.6666e-05,3.957e-05,4.0644e-05,2.4678e-05,0.0042079,0.005731,0.0046765,0.0054377,0.0053839,0.0036349,0.0041099,0.0063611,0.0064328,0.0050057
27,0.38585,0.76771,0.60788,0.63942,0.67761,0.40161,0.56124,0.74325,0.78182,0.54593,1.6572e-05,3.2904e-05,2.178e-05,2.8424e-05,2.8341e-05,1.3742e-05,1.6667e-05,4.0131e-05,4.1014e-05,2.4669e-05,0.0040969,0.0057907,0.0047,0.0053836,0.0053707,0.0037248,0.0041098,0.006407,0.0064616,0.0050041
27.25,0.40702,0.77579,0.61591,0.66936,0.68734,0.39515,0.54903,0.75286,0.77517,0.55048,1.575e-05,3.3166e-05,2.2705e-05,2.6989e-05,2.884e-05,1.3746e-05,1.6819e-05,4.0779e-05,4.0837e-05,2.4684e-05,0.0039933,0.005814,0.0047981,0.005246,0.005417,0.0037254,0.0041278,0.0064603,0.0064477,0.0050052
27.5,0.42781,0.76646,0.63172,0.66575,0.70202,0.3982,0.54051,0.71572,0.77728,0.52874,1.6302e-05,3.3185e-05,2.2251e-05,2.7041e-05,2.9696e-05,1.3665e-05,1.6641e-05,3.9838e-05,4.1446e-05,2.4103e-05,0.0040624,0.0058159,0.0047488,0.0052503,0.0054962,0.0037146,0.0041052,0.0063861,0.006495,0.004946
27.75,0.44056,0.76326,0.63754,0.65653,0.69028,0.39383,0.49551,0.75221,0.77009,0.51269,1.6436e-05,3.2928e-05,2.2528e-05,2.6735e-05,2.9863e-05,1.3957e-05,1.6118e-05,3.8391e-05,4.1492e-05,2.2899e-05,0.0040789,0.0057937,0.0047777,0.00522,0.0055111,0.0037544,0.0040396,0.0062698,0.0064983,0.0048211
28,0.44169,0.76388,0.63691,0.67102,0.69147,0.4129,0.48497,0.75966,0.77325,0.49878,1.6279e-05,3.3292e-05,2.3005e-05,2.6173e-05,2.9374e-05,1.4432e-05,1.4627e-05,3.8367e-05,4.1945e-05,2.2083e-05,0.0040596,0.0058256,0.0048274,0.0051644,0.0054648,0.0038182,0.0038473,0.0062673,0.0065329,0.0047345
28.25,0.45282,0.76711,0.63165,0.65897,0.70057,0.43738,0.49542,0.75496,0.78349,0.47631,1.7028e-05,3.3526e-05,2.2313e-05,2.6487e-05,2.898e-05,1.5154e-05,1.4095e-05,3.8402e-05,4.2579e-05,2.1489e-05,0.0041519,0.005846,0.0047537,0.0051949,0.0054274,0.0039131,0.0037761,0.0062709,0.0065815,0.0046704
28.5,0.45857,0.78684,0.62972,0.64306,0.70142,0.43389,0.49982,0.75884,0.76464,0.49542,1.7213e-05,3.3567e-05,2.2183e-05,2.6566e-05,2.9098e-05,1.507e-05,1.4355e-05,3.932e-05,4.2269e-05,2.0696e-05,0.0041745,0.0058496,0.0047399,0.0052019,0.0054382,0.0039028,0.0038103,0.0063461,0.0065564,0.0045833
28.75,0.46541,0.77384,0.63788,0.64397,0.6871,0.44248,0.48053,0.74794,0.76686,0.48595,1.7461e-05,3.2971e-05,2.285e-05,2.6685e-05,2.8422e-05,1.5537e-05,1.4306e-05,3.9222e-05,4.0242e-05,2.0673e-05,0.0042044,0.0057971,0.0048111,0.0052126,0.0053752,0.0039632,0.0038035,0.0063392,0.0063957,0.0045805
29,0.44567,0.77939,0.65191,0.64024,0.68915,0.40112,0.47482,0.76006,0.74017,0.45875,1.7421e-05,3.2516e-05,2.3145e-05,2.6622e-05,2.7617e-05,1.5971e-05,1.4005e-05,3.8427e-05,3.8944e-05,2.0118e-05,0.0042001,0.0057567,0.0048424,0.0052057,0.0052988,0.0040182,0.0037627,0.0062756,0.0062907,0.0045186
29.25,0.43937,0.78126,0.64078,0.64714,0.67948,0.41906,0.45209,0.7636,0.73512,0.4355,1.713e-05,3.2781e-05,2.3185e-05,2.6696e-05,2.7922e-05,1.6436e-05,1.381e-05,3.8298e-05,3.6461e-05,1.9157e-05,0.0041654,0.0057797,0.0048472,0.0052121,0.0053289,0.004076,0.0037361,0.0062654,0.0060852,0.0044093
29.5,0.44036,0.78603,0.63533,0.64452,0.65944,0.41465,0.46676,0.7588,0.74404,0.44852,1.7009e-05,3.3065e-05,2.2733e-05,2.6796e-05,2.7532e-05,1.674e-05,1.3746e-05,3.8344e-05,3.4582e-05,1.8355e-05,0.0041509,0.0058045,0.0048007,0.0052209,0.0052919,0.0041133,0.0037273,0.0062686,0.0059252,0.0043162
29.75,0.42738,0.79298,0.64127,0.65145,0.64557,0.39728,0.49046,0.75355,0.73466,0.44392,1.7529e-05,3.3529e-05,2.2016e-05,2.6292e-05,2.7464e-05,1.5585e-05,1.4463e-05,3.8229e-05,3.4363e-05,1.8466e-05,0.0042146,0.0058446,0.0047252,0.0051701,0.0052862,0.0039685,0.0038234,0.0062587,0.0059056,0.0043292
30,0.46566,0.78269,0.64269,0.65813,0.64921,0.39977,0.47789,0.75785,0.7239,0.4538,1.9337e-05,3.3449e-05,2.202e-05,2.6281e-05,2.6564e-05,1.5069e-05,1.4511e-05,3.89e-05,3.3354e-05,1.8915e-05,0.0044275,0.0058379,0.0047259,0.005168,0.0051995,0.0039022,0.0038296,0.0063119,0.0058173,0.0043816
30.25,0.57958,0.78001,0.64029,0.66796,0.65104,0.40461,0.47468,0.7393,0.70987,0.46142,2.3097e-05,3.34e-05,2.2001e-05,2.643e-05,2.6395e-05,1.5848e-05,1.4352e-05,3.887e-05,3.2383e-05,1.9178e-05,0.0048406,0.0058337,0.004724,0.0051817,0.0051834,0.0040024,0.0038084,0.0063088,0.0057311,0.0044119
30.5,0.64354,0.7868,0.64543,0.66693,0.65292,0.38966,0.47697,0.73772,0.72853,0.45285,2.6691e-05,3.3633e-05,2.2383e-05,2.6556e-05,2.7099e-05,1.5732e-05,1.5108e-05,3.8823e-05,3.1506e-05,1.913e-05,0.0052048,0.005854,0.0047653,0.0051929,0.0052527,0.0039883,0.0039076,0.0063047,0.0056528,0.0044064
30.75,0.60866,0.79146,0.65803,0.66488,0.67083,0.38571,0.51273,0.73712,0.73996,0.44897,2.7247e-05,3.4135e-05,2.2943e-05,2.6679e-05,2.8927e-05,1.568e-05,1.5239e-05,3.8762e-05,3.2699e-05,1.8896e-05,0.0052595,0.0058973,0.0048255,0.0052035,0.0054282,0.0039823,0.0039244,0.0062993,0.0057597,0.0043793
31,0.63046,0.77289,0.67178,0.62907,0.65635,0.39391,0.50417,0.74109,0.72824,0.4547,2.7266e-05,3.4115e-05,2.3383e-05,2.6201e-05,2.8993e-05,1.665e-05,1.495e-05,3.8718e-05,3.2346e-05,1.902e-05,0.0052616,0.005896,0.0048721,0.0051555,0.0054355,0.0041045,0.0038871,0.0062949,0.0057297,0.0043932
31.25,0.63314,0.76817,0.66196,0.59366,0.66186,0.40646,0.50756,0.74976,0.73922,0.45792,2.7422e-05,3.4462e-05,2.3178e-05,2.3835e-05,2.818e-05,1.6929e-05,1.528e-05,3.9001e-05,3.2363e-05,1.9034e-05,0.005277,0.0059257,0.0048515,0.0049157,0.0053595,0.0041396,0.0039302,0.0063173,0.0057325,0.0043946
31.5,0.64948,0.77306,0.66419,0.53917,0.66153,0.40428,0.51285,0.75972,0.73605,0.46692,2.7649e-05,3.5091e-05,2.338e-05,2.1522e-05,2.818e-05,1.6948e-05,1.5482e-05,4.0247e-05,3.2539e-05,1.8731e-05,0.0052995,0.0059793,0.0048736,0.0046696,0.0053596,0.0041426,0.0039562,0.0064161,0.0057491,0.0043594
31.75,0.63932,0.75197,0.69394,0.55811,0.66689,0.41165,0.48143,0.75562,0.73624,0.46927,2.7227e-05,3.4942e-05,2.4466e-05,1.9047e-05,2.8531e-05,1.728e-05,1.5793e-05,4.0519e-05,3.2687e-05,1.901e-05,0.005259,0.005967,0.0049867,0.0043912,0.0053932,0.0041838,0.0039955,0.0064366,0.0057633,0.0043912
32,0.67996,0.76193,0.73312,0.52395,0.65625,0.41534,0.46971,0.7577,0.72745,0.47488,2.6142e-05,3.5209e-05,2.7054e-05,1.8609e-05,2.8296e-05,1.7162e-05,1.5287e-05,4.1203e-05,3.2346e-05,1.9209e-05,0.0051529,0.0059897,0.005245,0.0043397,0.0053712,0.0041701,0.0039311,0.0064898,0.0057341,0.0044138
32.25,0.68017,0.7668,0.78051,0.49737,0.66026,0.41178,0.46526,0.78182,0.72368,0.47245,2.6094e-05,3.6001e-05,3.1376e-05,1.7765e-05,2.8373e-05,1.7051e-05,1.5146e-05,4.1166e-05,3.1801e-05,1.9183e-05,0.0051487,0.0060562,0.0056499,0.0042392,0.0053785,0.0041568,0.0039131,0.0064864,0.0056865,0.0044107
32.5,0.68853,0.75358,0.76061,0.46322,0.65762,0.41886,0.47297,0.78343,0.72778,0.48902,2.6271e-05,3.5873e-05,3.2533e-05,1.7302e-05,2.859e-05,1.7027e-05,1.5225e-05,4.179e-05,3.1476e-05,1.9138e-05,0.0051667,0.0060454,0.005754,0.0041824,0.0053982,0.004154,0.0039236,0.0065343,0.0056583,0.0044053
32.75,0.67734,0.75666,0.75649,0.43491,0.67101,0.42931,0.46614,0.7894,0.72447,0.48022,2.6116e-05,3.5724e-05,3.3385e-05,1.596e-05,2.8702e-05,1.7164e-05,1.525e-05,4.2747e-05,3.1471e-05,1.8931e-05,0.005151,0.0060334,0.0058296,0.0040161,0.0054078,0.0041709,0.0039266,0.0066074,0.0056583,0.0043813
33,0.6729,0.75753,0.73858,0.41082,0.63555,0.4599,0.45757,0.78566,0.72417,0.50315,2.6049e-05,3.6101e-05,3.2671e-05,1.6135e-05,2.8526e-05,1.8729e-05,1.4685e-05,4.3105e-05,3.1341e-05,1.8814e-05,0.0051444,0.0060659,0.005767,0.0040376,0.0053912,0.0043566,0.0038535,0.0066338,0.0056473,0.0043677
33.25,0.67333,0.76756,0.74455,0.41869,0.64727,0.49758,0.44726,0.77901,0.71648,0.45893,2.6034e-05,3.7445e-05,3.2998e-05,1.5747e-05,2.7957e-05,2.0107e-05,1.4469e-05,4.3444e-05,3.1978e-05,1.7834e-05,0.0051431,0.0061792,0.0057964,0.0039884,0.005336,0.004514,0.0038252,0.0066584,0.0057056,0.0042519
33.5,0.673,0.76528,0.73614,0.42175,0.65312,0.5298,0.43683,0.7448,0.71436,0.48422,2.6229e-05,3.8201e-05,3.287e-05,1.5558e-05,2.8594e-05,2.0517e-05,1.445e-05,4.1918e-05,3.1656e-05,1.6438e-05,0.0051621,0.0062427,0.0057854,0.003964,0.0053958,0.0045599,0.0038226,0.006539,0.0056781,0.0040815
33.75,0.67058,0.7627,0.73245,0.42356,0.65547,0.54658,0.45225,0.75202,0.71334,0.45939,2.6242e-05,3.85e-05,3.2873e-05,1.5628e-05,2.851e-05,2.0992e-05,1.4205e-05,3.8376e-05,3.1973e-05,1.6344e-05,0.0051635,0.0062686,0.0057865,0.0039727,0.0053874,0.004612,0.0037902,0.006255,0.0057077,0.0040695
34,0.67401,0.77821,0.73037,0.43375,0.66172,0.52855,0.46538,0.74447,0.73183,0.43061,2.6255e-05,3.8072e-05,3.2508e-05,1.6198e-05,2.8994e-05,2.077e-05,1.4596e-05,3.6869e-05,3.1725e-05,1.4905e-05,0.0051646,0.006235,0.0057553,0.0040447,0.0054326,0.0045877,0.0038418,0.0061299,0.0056869,0.0038856
34.25,0.67343,0.76538,0.72928,0.40999,0.65187,0.52382,0.46221,0.74523,0.74234,0.42174,2.5836e-05,3.8045e-05,3.2171e-05,1.6155e-05,2.8961e-05,2.1737e-05,1.4619e-05,3.5704e-05,3.2722e-05,1.4077e-05,0.0051235,0.006233,0.005726,0.0040393,0.0054292,0.0046941,0.0038449,0.0060316,0.0057767,0.0037755
34.5,0.67098,0.76881,0.73029,0.41374,0.64667,0.54375,0.47197,0.72164,0.75038,0.42885,2.5914e-05,3.8227e-05,3.2499e-05,1.5753e-05,2.8329e-05,2.247e-05,1.4941e-05,3.4947e-05,3.3779e-05,1.3909e-05,0.0051312,0.0062488,0.0057554,0.0039891,0.0053692,0.0047734,0.0038868,0.0059665,0.0058706,0.0037525
34.75,0.6818,0.75353,0.74251,0.42875,0.65388,0.54307,0.48323,0.69526,0.72724,0.43763,2.5864e-05,3.8648e-05,3.3658e-05,1.6601e-05,2.8371e-05,2.2576e-05,1.528e-05,3.4241e-05,3.3457e-05,1.4183e-05,0.0051262,0.0062826,0.0058571,0.0040956,0.0053733,0.0047855,0.0039303,0.0059056,0.0058428,0.0037889
35,0.67724,0.76636,0.74723,0.44498,0.65962,0.55208,0.46909,0.66912,0.72501,0.43489,2.583e-05,4.0545e-05,3.4503e-05,1.7191e-05,2.8737e-05,2.2751e-05,1.5229e-05,3.1321e-05,3.3273e-05,1.4215e-05,0.0051229,0.006434,0.0059301,0.0041681,0.0054083,0.004805,0.0039237,0.005647,0.005827,0.003793
35.25,0.68299,0.77828,0.75927,0.42169,0.66372,0.56259,0.4685,0.69148,0.72441,0.43412,2.6276e-05,4.1456e-05,3.5666e-05,1.6885e-05,2.9377e-05,2.3255e-05,1.5661e-05,3.0255e-05,3.3433e-05,1.3985e-05,0.0051666,0.0065044,0.0060291,0.0041313,0.0054691,0.0048589,0.0039786,0.0055492,0.0058416,0.0037623
35.5,0.68733,0.77936,0.75735,0.39788,0.66052,0.58192,0.48549,0.69534,0.72228,0.42917,2.6661e-05,4.2285e-05,3.6452e-05,1.6018e-05,2.9317e-05,2.4351e-05,1.6311e-05,3.0486e-05,3.3268e-05,1.3957e-05,0.0052039,0.0065682,0.0060951,0.0040246,0.0054644,0.004973,0.0040601,0.00557,0.0058276,0.0037584
35.75,0.67671,0.75093,0.76615,0.38941,0.66408,0.61522,0.45547,0.67671,0.72452,0.41365,2.6626e-05,4.2199e-05,3.6534e-05,1.5269e-05,2.9289e-05,2.6123e-05,1.6412e-05,3.0473e-05,3.3783e-05,1.3767e-05,0.0052002,0.0065615,0.0061022,0.0039297,0.0054628,0.0051518,0.0040721,0.0055693,0.0058733,0.0037329
36,0.67075,0.74705,0.77402,0.38534,0.65482,0.62394,0.40345,0.65983,0.73791,0.44638,2.6731e-05,4.2385e-05,3.7447e-05,1.5126e-05,2.9118e-05,2.7094e-05,1.4386e-05,2.9381e-05,3.3954e-05,1.3579e-05,0.0052099,0.0065761,0.0061777,0.0039115,0.0054474,0.0052476,0.0038121,0.0054695,0.0058887,0.0037073
36.25,0.66127,0.74171,0.77473,0.3735,0.65289,0.61117,0.3986,0.63809,0.74005,0.43356,2.6436e-05,4.2049e-05,3.7985e-05,1.5024e-05,2.8804e-05,2.7116e-05,1.4097e-05,2.8621e-05,3.4258e-05,1.3468e-05,0.0051803,0.00655,0.0062218,0.0038987,0.0054188,0.0052505,0.003773,0.0053988,0.0059156,0.0036919
36.5,0.67819,0.71984,0.75979,0.40195,0.65,0.62299,0.42194,0.61725,0.73011,0.42532,2.5881e-05,4.0876e-05,3.8027e-05,1.4716e-05,2.8475e-05,2.694e-05,1.439e-05,2.7403e-05,3.4257e-05,1.3309e-05,0.0051248,0.0064571,0.0062256,0.0038589,0.0053883,0.0052342,0.0038119,0.0052834,0.005916,0.0036697
36.75,0.67617,0.71205,0.7556,0.38997,0.63348,0.63529,0.43993,0.61406,0.72818,0.41663,2.5903e-05,3.9818e-05,3.8004e-05,1.4407e-05,2.8268e-05,2.7026e-05,1.4619e-05,2.6526e-05,3.4223e-05,1.3184e-05,0.0051266,0.0063725,0.006224,0.0038181,0.0053689,0.0052421,0.0038423,0.005199,0.0059135,0.0036523
37,0.68485,0.69643,0.76223,0.38884,0.63338,0.64615,0.3866,0.61074,0.72953,0.42196,2.5928e-05,3.9743e-05,3.8042e-05,1.4136e-05,2.8081e-05,2.739e-05,1.5261e-05,2.6106e-05,3.4874e-05,1.3164e-05,0.0051286,0.0063666,0.0062274,0.003782,0.0053512,0.0052776,0.0039264,0.0051585,0.0059696,0.0036495
37.25,0.70501,0.72867,0.74564,0.39516,0.63612,0.64961,0.37963,0.6123,0.71053,0.40121,2.5586e-05,3.9582e-05,3.8326e-05,1.4078e-05,2.8279e-05,2.769e-05,1.5236e-05,2.586e-05,3.4782e-05,1.3948e-05,0.0050948,0.0063537,0.0062513,0.0037744,0.0053701,0.0053062,0.0039236,0.0051349,0.0059621,0.0037563
37.5,0.70657,0.7396,0.74168,0.38512,0.61278,0.65029,0.37395,0.62128,0.71013,0.40028,2.5706e-05,4.0665e-05,3.8342e-05,1.4071e-05,2.7706e-05,2.7672e-05,1.5237e-05,2.5976e-05,3.4111e-05,1.3498e-05,0.0051062,0.0064405,0.0062529,0.0037738,0.005316,0.0053046,0.0039241,0.0051472,0.0059052,0.0036954
37.75,0.70478,0.7444,0.74011,0.40075,0.62328,0.65046,0.37293,0.61928,0.70769,0.41497,2.5785e-05,4.1903e-05,3.8581e-05,1.3669e-05,2.7766e-05,2.7612e-05,1.5164e-05,2.5566e-05,3.3914e-05,1.3354e-05,0.0051136,0.0065384,0.0062723,0.00372,0.0053222,0.0052992,0.0039151,0.0051068,0.0058885,0.0036759
38,0.70359,0.7419,0.7494,0.40342,0.62712,0.65657,0.39347,0.634,0.71366,0.41037,2.5648e-05,4.2018e-05,3.9304e-05,1.3883e-05,2.796e-05,2.7549e-05,1.5747e-05,2.6525e-05,3.3613e-05,1.3176e-05,0.0050994,0.0065475,0.0063302,0.003749,0.0053409,0.0052936,0.0039897,0.0052026,0.0058627,0.0036512
38.25,0.70995,0.73801,0.75235,0.44458,0.61999,0.66909,0.38827,0.61324,0.7173,0.42506,2.5452e-05,4.1991e-05,3.9889e-05,1.436e-05,2.7868e-05,2.7389e-05,1.5709e-05,2.6281e-05,3.3767e-05,1.309e-05,0.0050796,0.0065454,0.0063769,0.0038127,0.0053319,0.0052781,0.0039851,0.005179,0.0058762,0.0036393
38.5,0.70904,0.73512,0.74527,0.45889,0.61758,0.67188,0.39176,0.61116,0.72716,0.41527,2.557e-05,4.1703e-05,3.9904e-05,1.4669e-05,2.7629e-05,2.7161e-05,1.5711e-05,2.6189e-05,3.3981e-05,1.3291e-05,0.0050918,0.0065234,0.0063783,0.0038538,0.0053087,0.0052569,0.0039856,0.0051709,0.0058944,0.0036678
38.75,0.7186,0.73525,0.744,0.44057,0.62929,0.67603,0.39495,0.60578,0.73226,0.3705,2.6066e-05,4.1466e-05,3.9924e-05,1.4511e-05,2.7469e-05,2.751e-05,1.5713e-05,2.6261e-05,3.3967e-05,1.2965e-05,0.0051417,0.0065056,0.0063802,0.0038336,0.005293,0.0052913,0.0039865,0.0051787,0.0058934,0.0036227
39,0.71697,0.72696,0.73415,0.44048,0.64156,0.66613,0.3984,0.60938,0.73587,0.38548,2.6167e-05,4.1391e-05,3.9587e-05,1.4562e-05,2.7254e-05,2.7471e-05,1.5678e-05,2.653e-05,3.4231e-05,1.2432e-05,0.0051519,0.0064997,0.0063529,0.003841,0.0052722,0.0052879,0.0039824,0.0052057,0.0059161,0.0035479
39.25,0.71443,0.73098,0.74796,0.43766,0.64214,0.66555,0.38813,0.59994,0.73271,0.39137,2.6153e-05,4.161e-05,3.8889e-05,1.4614e-05,2.7383e-05,2.7515e-05,1.5981e-05,2.6432e-05,3.4393e-05,1.2566e-05,0.0051504,0.0065168,0.0062964,0.0038484,0.0052841,0.0052925,0.0040217,0.0051971,0.00593,0.003567
39.5,0.71025,0.72292,0.76325,0.4247,0.6576,0.66854,0.39048,0.60581,0.73542,0.40183,2.5933e-05,4.1679e-05,3.994e-05,1.431e-05,2.7483e-05,2.7498e-05,1.6078e-05,2.7395e-05,3.4146e-05,1.2886e-05,0.0051289,0.0065222,0.0063817,0.0038089,0.0052932,0.005291,0.0040347,0.0052926,0.0059088,0.0036122
39.75,0.70799,0.70897,0.76972,0.43836,0.64298,0.68009,0.39534,0.60947,0.73558,0.41224,2.5612e-05,4.0727e-05,4.0797e-05,1.4384e-05,2.7088e-05,2.7214e-05,1.6106e-05,2.7884e-05,3.3899e-05,1.2896e-05,0.0050973,0.0064483,0.0064513,0.0038197,0.0052552,0.0052639,0.0040391,0.005341,0.0058875,0.0036138
40,0.70912,0.71194,0.77581,0.46425,0.65784,0.68128,0.41206,0.60423,0.7366,0.42409,2.536e-05,4.006e-05,4.0538e-05,1.5225e-05,2.6483e-05,2.7368e-05,1.6722e-05,2.8039e-05,3.4142e-05,1.4029e-05,0.0050725,0.0063963,0.0064319,0.0039307,0.0051963,0.0052787,0.0041166,0.0053572,0.0059084,0.0037689
40.25,0.71351,0.70264,0.78527,0.49688,0.66186,0.68449,0.42265,0.59335,0.71704,0.43222,2.5339e-05,3.9796e-05,4.1485e-05,1.6068e-05,2.6762e-05,2.7535e-05,1.6663e-05,2.7388e-05,3.3522e-05,1.3562e-05,0.0050704,0.0063759,0.0065071,0.0040392,0.0052231,0.0052944,0.00411,0.005296,0.005855,0.0037057
40.5,0.7256,0.69396,0.77526,0.54947,0.64566,0.69345,0.43222,0.58581,0.72345,0.43104,2.5266e-05,3.8886e-05,4.1625e-05,1.8118e-05,2.6902e-05,2.758e-05,1.7032e-05,2.7724e-05,3.3005e-05,1.3489e-05,0.0050627,0.006303,0.0065184,0.0042906,0.0052366,0.0052984,0.004156,0.0053301,0.0058101,0.003696
40.75,0.71723,0.7002,0.76989,0.60973,0.65225,0.69971,0.45188,0.59642,0.72577,0.42382,2.5201e-05,3.8214e-05,4.1585e-05,1.9306e-05,2.7213e-05,2.8079e-05,1.7438e-05,2.8095e-05,3.3634e-05,1.3998e-05,0.0050568,0.0062488,0.0065155,0.0044304,0.0052668,0.0053462,0.0042063,0.0053674,0.0058659,0.0037658
41,0.72638,0.69904,0.77793,0.64164,0.64854,0.70984,0.47734,0.60201,0.71294,0.44377,2.5138e-05,3.877e-05,4.1036e-05,2.0576e-05,2.7264e-05,2.8626e-05,1.8236e-05,2.8501e-05,3.3632e-05,1.4258e-05,0.005051,0.0062936,0.0064732,0.0045748,0.0052716,0.0053979,0.0043025,0.0054075,0.0058656,0.0038014
41.25,0.72968,0.71345,0.77927,0.60407,0.64932,0.6976,0.46157,0.59123,0.70737,0.4539,2.5394e-05,3.8836e-05,4.1036e-05,2.0514e-05,2.7114e-05,2.8603e-05,1.8105e-05,2.8432e-05,3.2061e-05,1.4677e-05,0.0050769,0.006299,0.0064735,0.0045684,0.0052566,0.0053959,0.004288,0.0054018,0.0057261,0.0038573
41.5,0.71436,0.71504,0.77193,0.59548,0.63086,0.69904,0.46244,0.5982,0.68862,0.49318,2.5441e-05,3.9231e-05,4.1783e-05,2.0435e-05,2.7167e-05,2.8857e-05,1.8328e-05,2.8781e-05,3.2016e-05,1.5189e-05,0.0050816,0.0063305,0.0065314,0.00456,0.0052611,0.0054196,0.0043155,0.005436,0.0057219,0.0039245
41.75,0.71898,0.71855,0.78167,0.60321,0.60247,0.67469,0.48719,0.62851,0.67364,0.49657,2.5298e-05,3.9672e-05,4.1628e-05,1.9957e-05,2.5966e-05,2.8971e-05,1.9528e-05,3.1162e-05,3.0116e-05,1.5565e-05,0.0050674,0.0063653,0.0065183,0.0045065,0.0051422,0.0054305,0.0044559,0.0056585,0.0055484,0.0039735
42,0.72236,0.71738,0.78548,0.61282,0.61077,0.6613,0.46086,0.59762,0.68168,0.54542,2.538e-05,4.0129e-05,4.2123e-05,2.0638e-05,2.3888e-05,2.7767e-05,1.9528e-05,3.1242e-05,2.9596e-05,1.5492e-05,0.0050755,0.0064012,0.0065563,0.0045828,0.004931,0.0053157,0.0044569,0.0056669,0.0054995,0.0039646
42.25,0.73262,0.71185,0.78656,0.63155,0.62361,0.66511,0.46158,0.58032,0.68162,0.54319,2.5672e-05,4.0762e-05,4.201e-05,2.1997e-05,2.3648e-05,2.7088e-05,1.9567e-05,3.0336e-05,2.9554e-05,1.54e-05,0.0051041,0.0064498,0.0065476,0.0047313,0.0049053,0.0052499,0.0044622,0.0055847,0.0054953,0.0039535
42.5,0.73964,0.70852,0.78608,0.63346,0.61825,0.66199,0.46943,0.59858,0.68414,0.53214,2.561e-05,3.9352e-05,4.2106e-05,2.2684e-05,2.3648e-05,2.8803e-05,2.0287e-05,2.9592e-05,2.9566e-05,1.5621e-05,0.005098,0.0063357,0.0065548,0.004804,0.004905,0.0054143,0.0045448,0.005516,0.0054963,0.0039821
42.75,0.74135,0.70969,0.77652,0.7218,0.6225,0.64338,0.47668,0.59057,0.65978,0.50349,2.5834e-05,3.832e-05,4.1966e-05,2.2362e-05,2.3648e-05,2.8853e-05,2.0623e-05,2.9739e-05,2.8474e-05,1.5355e-05,0.00512,0.006251,0.0065432,0.0047692,0.0049041,0.0054192,0.0045834,0.005531,0.0053926,0.0039481
43,0.73947,0.70681,0.78728,0.72697,0.62434,0.6354,0.46524,0.58539,0.65129,0.46008,2.5817e-05,3.8612e-05,4.0844e-05,2.2982e-05,2.3797e-05,2.8785e-05,2.0513e-05,2.978e-05,2.6795e-05,1.4129e-05,0.0051186,0.0062738,0.0064538,0.0048353,0.004919,0.0054131,0.0045719,0.0055357,0.0052301,0.0037873
43.25,0.75083,0.70542,0.78959,0.74802,0.63008,0.63164,0.47753,0.57834,0.65358,0.44969,2.6638e-05,3.8453e-05,4.0361e-05,2.4403e-05,2.3909e-05,2.9033e-05,2.057e-05,2.9782e-05,2.6042e-05,1.3167e-05,0.0051996,0.0062597,0.0064149,0.0049827,0.0049301,0.0054363,0.0045791,0.0055372,0.0051551,0.0036564
43.5,0.74676,0.68873,0.78863,0.74986,0.62255,0.63653,0.49461,0.57093,0.65621,0.48927,2.7129e-05,3.7781e-05,4.0859e-05,2.529e-05,2.2961e-05,2.8743e-05,2.0805e-05,2.8906e-05,2.6009e-05,1.3083e-05,0.0052475,0.0062039,0.0064547,0.0050727,0.0048313,0.0054095,0.0046068,0.0054566,0.0051509,0.0036452
43.75,0.74217,0.70473,0.78717,0.7625,0.60907,0.63584,0.50268,0.56154,0.66172,0.5143,2.7182e-05,3.7498e-05,4.0855e-05,2.6045e-05,2.2214e-05,2.8817e-05,2.1092e-05,2.8549e-05,2.6004e-05,1.4472e-05,0.0052526,0.006179,0.0064554,0.0051484,0.0047524,0.0054165,0.0046396,0.0054241,0.0051496,0.0038352
44,0.74328,0.70119,0.79357,0.75402,0.6125,0.65523,0.4954,0.52761,0.65595,0.53829,2.7222e-05,3.6983e-05,4.0416e-05,2.6264e-05,2.2031e-05,2.9177e-05,2.0758e-05,2.8506e-05,2.5972e-05,1.4564e-05,0.0052564,0.0061361,0.0064213,0.0051706,0.0047331,0.0054503,0.004604,0.005422,0.005146,0.0038486
44.25,0.74603,0.69339,0.78754,0.74501,0.63214,0.64776,0.4832,0.52152,0.66019,0.51367,2.7061e-05,3.7466e-05,4.0774e-05,2.629e-05,2.2025e-05,2.9282e-05,2.0705e-05,2.7443e-05,2.5861e-05,1.4582e-05,0.0052406,0.006177,0.0064492,0.0051741,0.0047327,0.00546,0.0045991,0.0053216,0.0051346,0.0038516
44.5,0.74552,0.71142,0.78577,0.74371,0.62104,0.65708,0.48278,0.52058,0.65686,0.51569,2.7041e-05,3.8578e-05,4.087e-05,2.6132e-05,2.1678e-05,3.0251e-05,2.0358e-05,2.7686e-05,2.5912e-05,1.4669e-05,0.0052387,0.0062696,0.0064558,0.0051597,0.0046945,0.0055492,0.0045615,0.0053458,0.0051396,0.0038638
44.75,0.74872,0.70767,0.79004,0.75071,0.62134,0.66334,0.49695,0.52554,0.65295,0.53033,2.7247e-05,3.9191e-05,4.0561e-05,2.6058e-05,2.1631e-05,3.0409e-05,2.1995e-05,2.7919e-05,2.5442e-05,1.5688e-05,0.0052584,0.0063203,0.0064305,0.0051536,0.0046886,0.0055638,0.0047419,0.0053691,0.0050933,0.003996
45,0.7495,0.71678,0.79302,0.75974,0.6142,0.65202,0.50669,0.52272,0.65838,0.58682,2.7298e-05,4.0058e-05,4.0508e-05,2.6253e-05,2.1479e-05,3.041e-05,2.264e-05,2.8142e-05,2.5019e-05,1.6878e-05,0.0052631,0.0063913,0.0064259,0.0051739,0.0046717,0.0055642,0.0048115,0.0053913,0.0050512,0.0041454
45.25,0.75837,0.72921,0.79618,0.78385,0.61106,0.65285,0.56296,0.52393,0.64821,0.58487,2.7185e-05,4.1193e-05,4.0354e-05,2.8581e-05,2.1312e-05,3.0395e-05,2.5245e-05,2.7234e-05,2.4945e-05,1.7355e-05,0.0052521,0.0064829,0.0064138,0.0054007,0.0046528,0.0055632,0.0050805,0.005305,0.0050437,0.004204
45.5,0.76413,0.71896,0.79624,0.76423,0.60849,0.65262,0.62156,0.54248,0.67853,0.5932,2.7582e-05,4.1408e-05,4.0462e-05,2.9191e-05,2.1163e-05,3.0486e-05,2.808e-05,2.7885e-05,2.4752e-05,1.7465e-05,0.0052899,0.0065007,0.006422,0.0054596,0.0046362,0.005572,0.0053586,0.0053688,0.0050242,0.0042179
45.75,0.76103,0.72425,0.79063,0.7634,0.59797,0.65868,0.68539,0.56095,0.68441,0.60579,2.7696e-05,4.1771e-05,4.0099e-05,2.9244e-05,2.1285e-05,3.0141e-05,3.2338e-05,2.8827e-05,2.4758e-05,1.7349e-05,0.0053005,0.0065307,0.0063934,0.0054657,0.0046489,0.0055405,0.0057502,0.0054588,0.0050242,0.004205
46,0.74887,0.72172,0.79063,0.76713,0.60472,0.65233,0.7064,0.58684,0.68632,0.61333,2.7688e-05,4.1729e-05,3.9533e-05,2.8973e-05,2.0986e-05,3.0236e-05,3.5593e-05,3.0534e-05,2.4969e-05,1.7352e-05,0.0052996,0.0065285,0.0063483,0.0054412,0.0046156,0.0055491,0.0060326,0.0056181,0.0050452,0.0042059
46.25,0.7582,0.72105,0.7787,0.7644,0.60483,0.65255,0.67634,0.5736,0.67408,0.61737,2.7536e-05,4.1701e-05,3.9351e-05,2.8997e-05,2.105e-05,3.037e-05,3.6077e-05,3.0714e-05,2.4483e-05,1.7533e-05,0.0052845,0.0065268,0.0063345,0.0054446,0.0046226,0.0055615,0.0060738,0.0056352,0.0049961,0.0042286
46.5,0.75852,0.72132,0.77102,0.7625,0.61056,0.65095,0.71462,0.57428,0.66847,0.62084,2.7783e-05,4.1774e-05,3.8834e-05,2.889e-05,2.1083e-05,3.0214e-05,3.5324e-05,3.0847e-05,2.3888e-05,1.7544e-05,0.0053079,0.0065332,0.0062931,0.0054359,0.004626,0.0055477,0.00601,0.0056479,0.0049355,0.0042308
46.75,0.76534,0.72152,0.77026,0.76565,0.609,0.64218,0.68208,0.572,0.66444,0.61223,2.761e-05,4.2349e-05,3.9178e-05,2.8926e-05,2.1336e-05,2.9899e-05,3.5548e-05,3.1257e-05,2.3856e-05,1.7629e-05,0.0052914,0.0065781,0.0063218,0.0054408,0.0046541,0.0055192,0.0060307,0.0056856,0.0049328,0.0042425
47,0.75551,0.7314,0.76954,0.76291,0.60565,0.64978,0.68227,0.55051,0.69051,0.6409,2.76e-05,4.3094e-05,3.998e-05,2.8892e-05,2.1405e-05,2.9226e-05,3.551e-05,3.0764e-05,2.4346e-05,1.8691e-05,0.0052904,0.006635,0.0063871,0.0054388,0.0046621,0.0054576,0.0060289,0.0056406,0.004984,0.0043702
47.25,0.74802,0.7394,0.74852,0.76536,0.57968,0.64975,0.68247,0.57216,0.71623,0.63413,2.7059e-05,4.3449e-05,3.8872e-05,2.8941e-05,2.0861e-05,2.9198e-05,3.564e-05,2.8937e-05,2.6299e-05,1.8929e-05,0.0052387,0.006662,0.0062987,0.0054448,0.0046027,0.0054555,0.0060421,0.0054706,0.0051809,0.0043992
47.5,0.75507,0.72711,0.74198,0.76091,0.5754,0.65202,0.68257,0.5733,0.66632,0.64136,2.6808e-05,4.3373e-05,3.8387e-05,2.8951e-05,2.0082e-05,2.9212e-05,3.5539e-05,2.8865e-05,2.5677e-05,1.9267e-05,0.0052144,0.006657,0.0062593,0.0054469,0.0045161,0.0054572,0.0060355,0.0054646,0.0051195,0.0044396
47.75,0.76545,0.72475,0.73578,0.75557,0.57449,0.63674,0.68262,0.57349,0.66282,0.64259,2.7388e-05,4.3451e-05,3.7908e-05,2.9129e-05,2.0142e-05,3.1126e-05,3.5536e-05,2.8866e-05,2.5752e-05,1.9413e-05,0.0052702,0.0066644,0.0062201,0.0054653,0.0045226,0.0056343,0.0060369,0.0054658,0.0051269,0.0044579
48,0.75216,0.72228,0.74469,0.75567,0.57479,0.60239,0.68292,0.57825,0.65695,0.6436,2.756e-05,4.3107e-05,3.7282e-05,2.9096e-05,1.9875e-05,3.0844e-05,3.5531e-05,2.8978e-05,2.5615e-05,1.9491e-05,0.0052866,0.0066399,0.0061686,0.0054636,0.0044925,0.005609,0.0060385,0.0054779,0.0051132,0.0044682
48.25,0.77086,0.71913,0.75292,0.7709,0.57988,0.61111,0.68378,0.55944,0.65194,0.66239,2.78e-05,4.2679e-05,3.7329e-05,2.8697e-05,2.0344e-05,3.017e-05,3.5823e-05,2.854e-05,2.4941e-05,2.2154e-05,0.0053095,0.0066085,0.0061722,0.0054271,0.0045449,0.0055475,0.0060655,0.0054372,0.0050457,0.0047659
48.5,0.77424,0.7284,0.74818,0.7684,0.57439,0.59898,0.67976,0.55169,0.653,0.6763,2.8442e-05,4.2678e-05,3.7352e-05,2.864e-05,2.015e-05,3.0533e-05,3.5629e-05,2.7588e-05,2.5262e-05,2.3302e-05,0.0053702,0.0066097,0.0061736,0.0054231,0.0045231,0.0055807,0.006051,0.0053466,0.005078,0.0048902
48.75,0.78313,0.73415,0.74758,0.76659,0.57687,0.6257,0.6774,0.52498,0.64883,0.70152,2.8597e-05,4.3218e-05,3.6945e-05,2.8843e-05,2.0315e-05,3.0182e-05,3.5714e-05,2.6999e-05,2.4983e-05,2.4975e-05,0.0053848,0.006652,0.006139,0.005444,0.0045413,0.0055483,0.0060603,0.0052896,0.0050499,0.0050649
49,0.78612,0.73411,0.75169,0.77201,0.5804,0.6211,0.68262,0.52238,0.64826,0.70293,2.8962e-05,4.3437e-05,3.7202e-05,2.9396e-05,2.0267e-05,3.0036e-05,3.5608e-05,2.6359e-05,2.5238e-05,2.5893e-05,0.0054185,0.0066698,0.0061592,0.0054978,0.0045359,0.0055355,0.0060537,0.0052272,0.0050753,0.0051591
49.25,0.77629,0.74075,0.75239,0.78143,0.59647,0.61571,0.68062,0.53222,0.66377,0.69316,2.8961e-05,4.4418e-05,3.761e-05,3.0124e-05,1.9795e-05,2.9505e-05,3.5609e-05,2.6478e-05,2.5616e-05,2.5717e-05,0.0054185,0.0067458,0.0061918,0.0055677,0.0044825,0.0054873,0.0060557,0.0052396,0.0051129,0.0051436
49.5,0.78459,0.74656,0.7519,0.79751,0.5966,0.61568,0.67525,0.54114,0.66084,0.70599,2.8948e-05,4.5522e-05,3.741e-05,3.1642e-05,1.9951e-05,2.9131e-05,3.601e-05,2.6946e-05,2.5978e-05,2.646e-05,0.0054177,0.0068301,0.0061745,0.0057087,0.0044998,0.0054534,0.006092,0.0052867,0.0051486,0.0052195
49.75,0.77091,0.73485,0.75384,0.78038,0.60599,0.6166,0.68983,0.547,0.6607,0.72585,2.9274e-05,4.5183e-05,3.7745e-05,3.1911e-05,1.9872e-05,2.9046e-05,3.6016e-05,2.6959e-05,2.5796e-05,2.8202e-05,0.0054483,0.0068066,0.0062014,0.0057349,0.0044903,0.0054462,0.0060946,0.005289,0.0051306,0.0053907
50,0.73261,0.7326,0.74408,0.76687,0.6057,0.61782,0.68997,0.5592,0.65399,0.70553,2.8585e-05,4.5348e-05,3.774e-05,3.1852e-05,1.9912e-05,2.9045e-05,3.6306e-05,2.6343e-05,2.5653e-05,2.8151e-05,0.0053837,0.006821,0.006201,0.005731,0.0044945,0.0054467,0.0061214,0.0052303,0.0051163,0.0053872
50.25,0.71578,0.72878,0.74965,0.76753,0.60225,0.62986,0.68841,0.56489,0.69302,0.69277,2.5943e-05,4.5325e-05,3.8404e-05,3.1818e-05,2.0061e-05,2.834e-05,3.6591e-05,2.6892e-05,2.5749e-05,2.8021e-05,0.0051286,0.0068213,0.0062554,0.0057293,0.0045109,0.0053804,0.0061478,0.0052863,0.0051256,0.0053759
50.5,0.74905,0.72577,0.73193,0.76874,0.56577,0.63376,0.6896,0.57917,0.66616,0.70254,2.2439e-05,4.4919e-05,3.8044e-05,3.2096e-05,1.9702e-05,2.8755e-05,3.5877e-05,2.7714e-05,2.5269e-05,2.8237e-05,0.0047691,0.0067932,0.0062252,0.0057554,0.0044696,0.0054205,0.0060894,0.0053683,0.0050771,0.0053976
50.75,0.73653,0.74071,0.72926,0.76658,0.55384,0.64492,0.7019,0.62132,0.6717,0.72468,2.2051e-05,4.4745e-05,3.7564e-05,3.1723e-05,1.755e-05,3.0212e-05,3.6198e-05,3.0431e-05,2.4436e-05,3.0544e-05,0.0047277,0.0067827,0.006185,0.0057234,0.0042175,0.0055574,0.0061191,0.0056277,0.0049921,0.0056146
51,0.77001,0.75736,0.73534,0.76584,0.57319,0.70084,0.68223,0.68926,0.65766,0.72877,2.2904e-05,4.674e-05,3.7257e-05,3.1711e-05,1.6645e-05,3.3594e-05,3.6209e-05,3.5791e-05,2.4801e-05,3.1844e-05,0.0048186,0.0069351,0.006159,0.0057237,0.0041068,0.0058616,0.0061221,0.0061065,0.0050283,0.0057339
51.25,0.77197,0.77203,0.73211,0.76636,0.57768,0.70296,0.67586,0.74445,0.65146,0.74582,2.393e-05,4.9406e-05,3.7244e-05,3.1662e-05,1.6775e-05,3.5337e-05,3.6957e-05,4.2308e-05,2.4397e-05,3.3576e-05,0.004926,0.0071338,0.0061575,0.0057206,0.0041226,0.0060129,0.0061876,0.0066435,0.0049864,0.0058887
51.5,0.73399,0.79868,0.7187,0.76444,0.56591,0.70017,0.69882,0.76724,0.64153,0.74855,2.3594e-05,5.1764e-05,3.7624e-05,3.1656e-05,1.6755e-05,3.638e-05,3.7904e-05,4.6083e-05,2.4095e-05,3.473e-05,0.0048913,0.0073062,0.0061874,0.0057212,0.0041202,0.0061021,0.0062692,0.006938,0.0049549,0.0059899
51.75,0.74316,0.81278,0.66724,0.77487,0.59456,0.68588,0.72037,0.74124,0.64465,0.73788,2.3272e-05,5.5005e-05,3.66e-05,3.151e-05,1.6121e-05,3.5854e-05,3.9337e-05,4.7327e-05,2.4005e-05,3.4704e-05,0.0048579,0.0075349,0.0061017,0.0057099,0.0040413,0.006058,0.0063904,0.0070344,0.0049454,0.0059894
52,0.74228,0.83353,0.61463,0.78752,0.59473,0.68643,0.71178,0.73164,0.64952,0.75152,2.3222e-05,5.92e-05,3.3785e-05,3.2841e-05,1.6187e-05,3.6092e-05,3.9801e-05,4.7175e-05,2.4131e-05,3.5357e-05,0.004853,0.0078218,0.0058611,0.0058312,0.0040498,0.0060789,0.006431,0.0070263,0.0049582,0.0060467
52.25,0.73228,0.85455,0.60676,0.82117,0.58162,0.69099,0.71732,0.71835,0.65018,0.73532,2.3103e-05,6.2171e-05,2.9027e-05,3.7074e-05,1.6256e-05,3.6461e-05,4.0528e-05,4.6254e-05,2.4235e-05,3.534e-05,0.0048406,0.0080205,0.0054312,0.0061984,0.0040585,0.0061109,0.0064925,0.00696,0.0049688,0.0060467
52.5,0.74976,0.86416,0.59576,0.84088,0.55424,0.68428,0.72531,0.70891,0.66324,0.73829,2.2833e-05,6.6189e-05,2.7694e-05,3.9664e-05,1.5938e-05,3.64e-05,4.0834e-05,4.5716e-05,2.5353e-05,3.5329e-05,0.0048121,0.0082796,0.0053044,0.0064143,0.0040192,0.0061067,0.0065197,0.0069223,0.0050825,0.0060474
52.75,0.7459,0.85536,0.65111,0.81363,0.58365,0.67147,0.71738,0.71166,0.71741,0.74189,2.301e-05,6.8265e-05,2.8902e-05,4.0297e-05,1.5337e-05,3.6183e-05,4.0808e-05,4.5084e-05,2.9357e-05,3.5696e-05,0.0048314,0.0084119,0.0054187,0.0064671,0.0039433,0.0060895,0.0065202,0.0068774,0.0054702,0.0060808
53,0.72478,0.84156,0.6527,0.81268,0.598,0.6583,0.71814,0.69807,0.73691,0.74373,2.3381e-05,6.8714e-05,3.0304e-05,4.0254e-05,1.5322e-05,3.4715e-05,4.1994e-05,4.4401e-05,3.2047e-05,3.5959e-05,0.0048701,0.0084419,0.0055488,0.0064646,0.0039415,0.0059664,0.0066176,0.0068275,0.0057162,0.0061051
53.25,0.70741,0.83777,0.6839,0.80735,0.58103,0.66494,0.74156,0.70314,0.75751,0.74079,2.3413e-05,6.7546e-05,3.0962e-05,4.0202e-05,1.4752e-05,3.4131e-05,4.5139e-05,4.3588e-05,3.3806e-05,3.5903e-05,0.0048739,0.0083711,0.0056086,0.0064609,0.0038683,0.005918,0.0068651,0.0067669,0.0058711,0.0061018
53.5,0.71124,0.83621,0.67752,0.80897,0.59032,0.62272,0.74102,0.7041,0.7315,0.74368,2.3347e-05,6.6679e-05,3.1415e-05,4.0353e-05,1.427e-05,3.3444e-05,4.662e-05,4.3443e-05,3.4106e-05,3.5763e-05,0.0048677,0.0083185,0.0056495,0.0064736,0.0038052,0.0058591,0.0069809,0.0067574,0.005897,0.0060912
53.75,0.71956,0.83553,0.66373,0.80955,0.60864,0.63078,0.74422,0.70408,0.74458,0.74538,2.4456e-05,6.5804e-05,3.1304e-05,4.05e-05,1.5893e-05,3.2452e-05,4.7866e-05,4.3438e-05,3.5133e-05,3.606e-05,0.0049831,0.0082647,0.0056389,0.0064858,0.0040169,0.005773,0.0070774,0.0067585,0.0059851,0.0061183
54,0.75612,0.84313,0.66864,0.8195,0.65784,0.63916,0.7333,0.70561,0.75242,0.75041,2.7132e-05,6.6211e-05,3.1176e-05,4.0502e-05,1.7246e-05,3.252e-05,4.748e-05,4.37e-05,3.6716e-05,3.6541e-05,0.0052501,0.0082905,0.0056267,0.006486,0.0041856,0.0057798,0.0070522,0.00678,0.0061186,0.0061608
54.25,0.72145,0.84664,0.66778,0.82871,0.74236,0.62706,0.73261,0.70435,0.72493,0.76859,2.7572e-05,6.7249e-05,3.1257e-05,4.1472e-05,2.0683e-05,3.1937e-05,4.7723e-05,4.369e-05,3.6061e-05,3.8876e-05,0.0052936,0.008356,0.0056336,0.0065633,0.0045852,0.0057275,0.0070734,0.0067802,0.0060632,0.0063572
54.5,0.72001,0.86216,0.65205,0.81229,0.73499,0.62757,0.73028,0.7089,0.7361,0.78256,2.7671e-05,6.8605e-05,3.0962e-05,4.1515e-05,2.2385e-05,3.1417e-05,4.7519e-05,4.3683e-05,3.5071e-05,4.1348e-05,0.0053043,0.0084398,0.005607,0.006567,0.0047712,0.0056804,0.0070615,0.0067809,0.0059782,0.0065592
54.75,0.70907,0.84697,0.64204,0.81749,0.73232,0.62896,0.73605,0.72708,0.73563,0.75781,2.7319e-05,6.8666e-05,2.9886e-05,4.265e-05,2.3043e-05,3.2159e-05,4.7079e-05,4.3157e-05,3.508e-05,4.1253e-05,0.0052712,0.0084452,0.005509,0.0066551,0.0048413,0.0057466,0.0070318,0.0067408,0.0059784,0.0065539
55,0.70781,0.85069,0.62243,0.81457,0.73086,0.61735,0.73593,0.72045,0.73406,0.7642,2.751e-05,6.8274e-05,2.8964e-05,4.3041e-05,2.3586e-05,3.2061e-05,4.7363e-05,4.3128e-05,3.6027e-05,4.1882e-05,0.00529,0.0084227,0.0054237,0.0066848,0.0048987,0.0057376,0.0070556,0.0067399,0.0060573,0.0066059
55.25,0.70638,0.83587,0.61364,0.8201,0.74434,0.6073,0.73292,0.71266,0.73067,0.75752,2.728e-05,6.6575e-05,2.7847e-05,4.388e-05,2.3927e-05,3.1846e-05,4.7162e-05,4.3184e-05,3.6004e-05,4.1976e-05,0.0052686,0.0083197,0.0053183,0.006749,0.0049343,0.0057179,0.007044,0.0067452,0.006054,0.0066149
55.5,0.72804,0.85247,0.6074,0.81473,0.72288,0.60077,0.72349,0.72858,0.7212,0.76057,2.8134e-05,6.5401e-05,2.7085e-05,4.4039e-05,2.3697e-05,3.3316e-05,4.6248e-05,4.3313e-05,3.5919e-05,4.2326e-05,0.0053507,0.0082486,0.0052452,0.0067609,0.0049108,0.005847,0.0069783,0.006756,0.0060457,0.0066444
55.75,0.72252,0.85388,0.59342,0.81256,0.73069,0.58681,0.74158,0.72546,0.72079,0.75324,2.8562e-05,6.643e-05,2.6572e-05,4.406e-05,2.3576e-05,3.2124e-05,4.5551e-05,4.3526e-05,3.5733e-05,4.2315e-05,0.0053913,0.0083154,0.0051955,0.0067627,0.0048985,0.0057403,0.0069286,0.0067729,0.0060283,0.006645
56,0.73024,0.84773,0.58915,0.81345,0.72763,0.57949,0.74617,0.72621,0.7153,0.75608,2.9127e-05,6.6252e-05,2.5919e-05,4.3989e-05,2.3614e-05,3.1031e-05,4.6285e-05,4.3727e-05,3.4908e-05,4.1923e-05,0.0054448,0.0083053,0.0051312,0.0067576,0.0049028,0.0056414,0.0069866,0.0067887,0.005957,0.0066156
56.25,0.72189,0.8523,0.60763,0.81296,0.7227,0.57999,0.73856,0.72935,0.73438,0.75354,2.9156e-05,6.5813e-05,2.5401e-05,4.4163e-05,2.3443e-05,3.0924e-05,4.5517e-05,4.2641e-05,3.5298e-05,4.1871e-05,0.0054481,0.0082782,0.0050798,0.0067714,0.0048851,0.0056315,0.006931,0.0067054,0.0059886,0.0066127
56.5,0.71398,0.85537,0.61133,0.81489,0.72952,0.58542,0.73573,0.72825,0.73357,0.75906,2.8926e-05,6.6202e-05,2.5411e-05,4.4462e-05,2.3354e-05,3.1027e-05,4.5306e-05,4.2485e-05,3.5766e-05,4.203e-05,0.0054276,0.0083034,0.0050803,0.0067948,0.004876,0.0056408,0.0069177,0.0066938,0.0060273,0.006627
56.75,0.7163,0.85381,0.61155,0.80936,0.72164,0.57938,0.73213,0.73002,0.73191,0.75301,2.9213e-05,6.6569e-05,2.5558e-05,4.445e-05,2.326e-05,3.0722e-05,4.5818e-05,4.2386e-05,3.5875e-05,4.2013e-05,0.0054555,0.0083266,0.0050946,0.0067939,0.0048667,0.0056135,0.0069577,0.0066867,0.006036,0.0066264
57,0.70828,0.83928,0.63013,0.80892,0.70683,0.57568,0.76563,0.73212,0.7475,0.75397,2.9124e-05,6.5888e-05,2.5165e-05,4.5018e-05,2.271e-05,3.0382e-05,4.9454e-05,4.2978e-05,3.5575e-05,4.2477e-05,0.005448,0.0082843,0.0050554,0.0068366,0.0048095,0.0055829,0.0072278,0.006734,0.0060106,0.0066631
57.25,0.70538,0.83741,0.63357,0.79085,0.74218,0.57715,0.81124,0.72017,0.73556,0.75242,2.9017e-05,6.3969e-05,2.5135e-05,4.5125e-05,2.1863e-05,3.0136e-05,5.6637e-05,4.2977e-05,3.5626e-05,4.1331e-05,0.0054389,0.0081622,0.0050516,0.006845,0.0047197,0.005561,0.0077338,0.006734,0.0060148,0.0065741
57.5,0.70166,0.83496,0.63524,0.78904,0.73647,0.57388,0.79391,0.71945,0.7298,0.75521,2.8904e-05,6.2448e-05,2.5177e-05,4.4986e-05,2.2311e-05,3.0159e-05,5.9821e-05,4.2954e-05,3.6066e-05,4.1014e-05,0.005429,0.0080643,0.0050555,0.0068346,0.0047677,0.0055633,0.0079479,0.0067319,0.0060511,0.0065496
57.75,0.68965,0.8408,0.62394,0.78684,0.74649,0.56999,0.7915,0.71494,0.73663,0.75313,2.8969e-05,6.1115e-05,2.4972e-05,4.5051e-05,2.3245e-05,3.0277e-05,6.192e-05,4.2916e-05,3.6713e-05,4.0995e-05,0.0054362,0.0079775,0.0050347,0.0068393,0.0048659,0.0055747,0.0080861,0.0067286,0.0061046,0.0065491
58,0.69475,0.84604,0.61408,0.78584,0.76822,0.57612,0.79902,0.73525,0.74066,0.7523,2.8916e-05,6.0691e-05,2.4181e-05,4.5566e-05,2.4078e-05,3.0745e-05,6.2445e-05,4.2028e-05,3.7367e-05,4.0956e-05,0.0054322,0.00795,0.0049547,0.0068777,0.0049517,0.0056184,0.0081209,0.0066576,0.0061581,0.0065465
58.25,0.69638,0.84591,0.62122,0.78308,0.7721,0.58176,0.80913,0.73815,0.72977,0.75347,2.9088e-05,6.0846e-05,2.362e-05,4.5194e-05,2.4845e-05,3.1117e-05,6.4539e-05,4.22e-05,3.7327e-05,4.1134e-05,0.0054491,0.0079605,0.0048973,0.0068495,0.0050295,0.005653,0.0082556,0.0066707,0.0061547,0.0065607
58.5,0.70054,0.84965,0.62114,0.80103,0.79539,0.57686,0.81799,0.74656,0.72532,0.76252,2.9977e-05,6.1747e-05,2.3555e-05,4.5417e-05,2.6613e-05,3.113e-05,6.6724e-05,4.3079e-05,3.733e-05,4.1139e-05,0.0055326,0.008019,0.0048904,0.006866,0.0052049,0.0056543,0.0083937,0.0067385,0.0061555,0.0065607
58.75,0.71556,0.8494,0.62176,0.80729,0.78054,0.59175,0.82667,0.74738,0.72772,0.76663,3.0456e-05,6.1846e-05,2.3564e-05,4.6542e-05,2.7181e-05,3.1241e-05,6.9302e-05,4.3458e-05,3.7621e-05,4.1902e-05,0.0055773,0.0080254,0.0048912,0.0069494,0.0052601,0.0056647,0.0085531,0.0067673,0.0061802,0.0066208
59,0.70077,0.8423,0.6228,0.80826,0.78957,0.59646,0.83276,0.76174,0.72312,0.77304,3.0364e-05,6.1763e-05,2.3573e-05,4.7338e-05,2.8052e-05,3.1626e-05,7.1155e-05,4.3964e-05,3.7446e-05,4.2722e-05,0.0055692,0.0080211,0.004892,0.0070073,0.0053437,0.0057001,0.008666,0.0068057,0.0061663,0.006685
59.25,0.69555,0.843,0.6059,0.81492,0.7965,0.5804,0.81427,0.76582,0.71412,0.76034,3.0886e-05,6.1275e-05,2.321e-05,4.845e-05,2.8964e-05,3.1863e-05,7.0913e-05,4.4687e-05,3.7702e-05,4.2665e-05,0.0056169,0.0079905,0.0048536,0.0070878,0.0054298,0.0057211,0.0086507,0.0068602,0.0061871,0.0066805
59.5,0.67763,0.85058,0.58033,0.80313,0.80631,0.58938,0.81444,0.77144,0.70537,0.75834,3.0898e-05,6.1473e-05,2.2189e-05,4.8589e-05,2.9674e-05,3.2624e-05,7.0906e-05,4.4662e-05,3.7172e-05,4.2087e-05,0.0056187,0.0080039,0.0047449,0.0070971,0.0054961,0.0057888,0.0086499,0.0068561,0.0061441,0.0066355
59.75,0.67961,0.83842,0.58766,0.79773,0.79276,0.60532,0.81111,0.77457,0.69961,0.74852,3.0952e-05,6.1547e-05,2.0827e-05,4.8293e-05,2.9763e-05,3.3929e-05,7.1106e-05,4.4941e-05,3.7192e-05,4.2076e-05,0.0056242,0.0080095,0.0045961,0.0070744,0.0055045,0.0059029,0.0086623,0.0068756,0.0061458,0.0066343
60,0.6736,0.83862,0.5649,0.78963,0.79555,0.58953,0.81249,0.79121,0.70414,0.77037,3.1172e-05,6.1433e-05,2.0525e-05,4.7489e-05,3.0187e-05,3.3921e-05,7.0842e-05,4.6498e-05,3.6645e-05,4.0926e-05,0.0056442,0.0080025,0.0045622,0.0070142,0.0055438,0.0059024,0.0086458,0.0069913,0.0061012,0.0065432
60.25,0.674,0.83544,0.57427,0.77463,0.81568,0.58715,0.81012,0.791,0.70347,0.77481,3.1256e-05,6.2038e-05,1.9376e-05,4.6499e-05,3.0817e-05,3.366e-05,7.0697e-05,4.7118e-05,3.6633e-05,4.1429e-05,0.0056521,0.0080413,0.004432,0.0069397,0.0056015,0.0058802,0.0086365,0.0070364,0.0061003,0.0065825
60.5,0.68751,0.83411,0.58,0.76644,0.82865,0.57866,0.80856,0.7948,0.69866,0.78342,3.1938e-05,6.2178e-05,1.9333e-05,4.432e-05,3.2428e-05,3.4268e-05,7.0436e-05,4.7456e-05,3.6816e-05,4.1951e-05,0.0057134,0.0080508,0.004427,0.0067733,0.0057455,0.005934,0.0086197,0.0070591,0.0061159,0.006623
60.75,0.69384,0.83194,0.56183,0.75366,0.82516,0.58593,0.80636,0.79964,0.71488,0.78589,3.2509e-05,6.2194e-05,1.9649e-05,4.2604e-05,3.2714e-05,3.4946e-05,7.0138e-05,4.8093e-05,3.6036e-05,4.2116e-05,0.0057636,0.0080522,0.0044625,0.0066395,0.0057702,0.005994,0.0086008,0.0071038,0.0060505,0.0066345
61,0.68523,0.83126,0.56255,0.77668,0.78843,0.59587,0.8109,0.79438,0.71978,0.77898,3.2486e-05,6.2045e-05,1.9702e-05,4.1208e-05,3.2798e-05,3.4661e-05,6.9569e-05,4.7776e-05,3.668e-05,4.2125e-05,0.0057614,0.0080433,0.0044681,0.0065289,0.0057783,0.0059707,0.0085642,0.0070784,0.0061051,0.0066339
61.25,0.68687,0.83124,0.58274,0.77442,0.7859,0.59315,0.81044,0.78591,0.73725,0.77649,3.2396e-05,6.1717e-05,1.9889e-05,4.1263e-05,3.2697e-05,3.48e-05,6.9589e-05,4.8613e-05,3.9175e-05,4.1758e-05,0.0057535,0.0080228,0.0044887,0.0065329,0.0057697,0.0059833,0.0085648,0.0071396,0.0063106,0.0066032
61.5,0.6883,0.82876,0.57868,0.77516,0.78393,0.60298,0.80397,0.78189,0.73808,0.77436,3.2544e-05,6.1451e-05,1.9407e-05,4.1185e-05,3.267e-05,3.4483e-05,7.0096e-05,4.9739e-05,3.8479e-05,4.1054e-05,0.0057673,0.0080064,0.0044342,0.0065261,0.005768,0.0059565,0.0085956,0.0072211,0.0062544,0.0065459
61.75,0.68734,0.8257,0.57753,0.77177,0.78499,0.60921,0.81769,0.77863,0.72742,0.77216,3.2568e-05,6.1155e-05,1.9485e-05,4.1176e-05,3.2647e-05,3.4896e-05,6.952e-05,4.7295e-05,3.8486e-05,4.0768e-05,0.0057701,0.0079885,0.004443,0.006525,0.0057672,0.0059914,0.0085592,0.0070391,0.0062552,0.0065218
62,0.68751,0.81849,0.5683,0.75751,0.78519,0.62229,0.81856,0.78223,0.72811,0.77772,3.2873e-05,6.1006e-05,1.9084e-05,4.114e-05,3.2693e-05,3.5685e-05,7.0008e-05,4.7033e-05,3.8444e-05,4.0432e-05,0.0057979,0.0079803,0.0043972,0.0065229,0.0057721,0.0060584,0.0085891,0.0070176,0.0062523,0.0064936
62.25,0.6732,0.82082,0.56621,0.73878,0.79741,0.62463,0.81592,0.78266,0.72876,0.7779,3.2528e-05,5.9355e-05,1.9216e-05,3.9938e-05,3.4853e-05,3.5985e-05,7.0185e-05,4.7064e-05,3.9477e-05,4.0756e-05,0.0057679,0.0078736,0.0044123,0.0064275,0.0059618,0.0060836,0.0085995,0.0070184,0.0063368,0.0065181
62.5,0.67259,0.82293,0.57496,0.73235,0.80913,0.63884,0.81141,0.78769,0.72052,0.78061,3.2535e-05,5.8468e-05,1.9633e-05,3.8279e-05,3.6945e-05,3.4312e-05,6.9699e-05,4.6939e-05,3.9546e-05,4.0865e-05,0.0057686,0.0078158,0.0044597,0.0062932,0.00614,0.0059395,0.0085676,0.0070081,0.0063429,0.0065257
62.75,0.67882,0.81932,0.56987,0.73015,0.8078,0.644,0.80916,0.79116,0.72332,0.77585,3.2283e-05,5.8665e-05,1.9744e-05,3.6961e-05,3.8057e-05,3.453e-05,6.9973e-05,4.7132e-05,3.9342e-05,4.0654e-05,0.0057466,0.0078292,0.0044722,0.0061844,0.0062337,0.0059577,0.0085837,0.0070213,0.0063275,0.006508
63,0.67608,0.80607,0.58274,0.71692,0.82845,0.64307,0.80209,0.78776,0.71835,0.77855,3.28e-05,5.7862e-05,1.9613e-05,3.6902e-05,4.0609e-05,3.4708e-05,6.9974e-05,4.7104e-05,3.9366e-05,4.0719e-05,0.0057919,0.0077767,0.0044575,0.0061803,0.0064418,0.0059728,0.0085828,0.0070182,0.0063299,0.006512
63.25,0.67759,0.80875,0.58915,0.705,0.82626,0.64849,0.79924,0.78899,0.71761,0.77839,3.1994e-05,5.7044e-05,1.9764e-05,3.537e-05,4.2242e-05,3.4368e-05,7.0918e-05,4.7103e-05,3.9553e-05,4.0762e-05,0.0057193,0.0077232,0.0044746,0.0060514,0.0065723,0.0059436,0.0086381,0.0070168,0.0063453,0.0065137
63.5,0.68165,0.79403,0.57127,0.69109,0.84937,0.63756,0.79776,0.78822,0.71677,0.77178,3.1718e-05,5.6596e-05,1.9218e-05,3.4247e-05,4.485e-05,3.435e-05,7.0998e-05,4.7107e-05,3.9404e-05,4.0844e-05,0.0056937,0.0076935,0.0044121,0.0059547,0.0067747,0.0059424,0.0086405,0.007016,0.0063338,0.0065184
63.75,0.68117,0.81082,0.57244,0.69476,0.85582,0.63502,0.79829,0.79758,0.71751,0.77789,3.1725e-05,5.4813e-05,1.8694e-05,3.309e-05,4.7449e-05,3.4688e-05,7.0875e-05,4.6977e-05,3.9107e-05,3.9613e-05,0.0056937,0.0075725,0.0043513,0.0058536,0.0069705,0.0059722,0.0086309,0.0070051,0.0063106,0.006417
64,0.6829,0.81645,0.58677,0.7036,0.84846,0.63469,0.80297,0.80886,0.72179,0.7869,3.1489e-05,5.4634e-05,1.862e-05,3.2747e-05,4.8532e-05,3.38e-05,7.1611e-05,4.6285e-05,4.008e-05,3.9193e-05,0.0056721,0.0075606,0.0043425,0.0058229,0.0070512,0.0058958,0.0086733,0.0069515,0.0063886,0.0063813
64.25,0.68505,0.81016,0.5803,0.70524,0.85797,0.62589,0.80701,0.81129,0.73445,0.78488,3.1581e-05,5.4894e-05,1.839e-05,3.2905e-05,4.9788e-05,3.3857e-05,7.2487e-05,4.6665e-05,4.1427e-05,3.9284e-05,0.0056802,0.0075789,0.0043159,0.0058362,0.0071435,0.0059011,0.0087243,0.0069791,0.0064949,0.0063872
64.5,0.68825,0.8106,0.58398,0.70322,0.84702,0.62805,0.80159,0.80906,0.72518,0.77295,3.201e-05,5.3951e-05,1.8551e-05,3.288e-05,5.0059e-05,3.321e-05,7.2766e-05,4.6551e-05,4.1714e-05,3.9225e-05,0.0057184,0.007513,0.004335,0.0058336,0.0071648,0.0058455,0.0087395,0.00697,0.0065173,0.0063815
64.75,0.69228,0.80612,0.59353,0.70211,0.85066,0.61846,0.80755,0.80535,0.71825,0.76051,3.2184e-05,5.3619e-05,1.8759e-05,3.3076e-05,5.019e-05,3.2841e-05,7.1617e-05,4.6261e-05,4.1588e-05,3.8285e-05,0.0057337,0.0074895,0.0043593,0.0058506,0.0071761,0.0058128,0.0086695,0.0069474,0.0065077,0.0063043
65,0.69474,0.80131,0.58955,0.69322,0.85508,0.62048,0.78952,0.80751,0.72167,0.75866,3.2537e-05,5.2878e-05,1.88e-05,3.3335e-05,5.1017e-05,3.3031e-05,7.1104e-05,4.6105e-05,4.1875e-05,3.6699e-05,0.0057649,0.007437,0.0043642,0.0058731,0.0072368,0.005829,0.0086381,0.0069344,0.0065309,0.0061716
65.25,0.69606,0.81046,0.58238,0.69968,0.86068,0.62179,0.77971,0.7988,0.73046,0.7602,3.2875e-05,5.1957e-05,1.8877e-05,3.1312e-05,5.2029e-05,3.3163e-05,6.8558e-05,4.6369e-05,4.3278e-05,3.6162e-05,0.0057946,0.0073712,0.0043736,0.0056907,0.0073103,0.0058401,0.0084827,0.0069534,0.0066409,0.0061252
65.5,0.68687,0.80873,0.59466,0.69538,0.86868,0.61868,0.75617,0.78157,0.70291,0.76284,3.2529e-05,5.1985e-05,1.9785e-05,3.1322e-05,5.3671e-05,3.3121e-05,6.5512e-05,4.5761e-05,4.2891e-05,3.6034e-05,0.0057644,0.007373,0.0044785,0.0056901,0.0074268,0.0058359,0.0082924,0.0069066,0.006612,0.0061131
65.75,0.69345,0.81386,0.61598,0.6758,0.84296,0.62486,0.74526,0.77389,0.69842,0.76343,3.2394e-05,5.1639e-05,2.0886e-05,3.1478e-05,5.3285e-05,3.3062e-05,6.0751e-05,4.5297e-05,4.2996e-05,3.6251e-05,0.0057527,0.0073479,0.0046024,0.0057037,0.0074014,0.00583,0.007986,0.0068703,0.0066214,0.0061297
66,0.6996,0.81543,0.64855,0.67667,0.84557,0.62251,0.7533,0.79437,0.70596,0.75836,3.2928e-05,5.1771e-05,2.1735e-05,3.1708e-05,5.3625e-05,3.2813e-05,5.7155e-05,4.4267e-05,4.3382e-05,3.6067e-05,0.0058001,0.0073572,0.004696,0.0057241,0.0074255,0.0058078,0.0077467,0.0067906,0.0066526,0.0061129
66.25,0.70769,0.81403,0.66717,0.68171,0.8546,0.61818,0.7465,0.78506,0.70713,0.76219,3.3962e-05,5.1805e-05,2.2066e-05,3.1872e-05,5.5376e-05,3.2613e-05,5.5831e-05,4.4075e-05,4.3679e-05,3.6052e-05,0.0058915,0.0073595,0.0047322,0.0057387,0.0075455,0.0057898,0.0076564,0.0067746,0.0066764,0.0061101
66.5,0.72037,0.81125,0.69794,0.68004,0.86676,0.6194,0.7732,0.77614,0.69932,0.77083,3.4924e-05,5.2012e-05,2.4081e-05,3.1904e-05,5.8247e-05,3.2475e-05,5.4612e-05,4.3859e-05,4.3689e-05,3.6304e-05,0.0059756,0.0073745,0.0049447,0.0057411,0.0077379,0.005777,0.0075723,0.0067571,0.0066775,0.0061297
66.75,0.73254,0.79022,0.66288,0.68208,0.86882,0.62252,0.76919,0.77674,0.69191,0.75305,3.5779e-05,5.1278e-05,2.3791e-05,3.1912e-05,6.0396e-05,3.2416e-05,5.461e-05,4.3518e-05,4.3353e-05,3.6225e-05,0.0060492,0.0073223,0.0049151,0.0057411,0.0078782,0.0057713,0.0075702,0.0067304,0.0066518,0.0061214
67,0.73892,0.79132,0.69105,0.68164,0.86339,0.62665,0.77035,0.77783,0.67499,0.76409,3.6738e-05,4.9757e-05,2.2865e-05,3.1905e-05,6.1065e-05,3.2775e-05,5.4622e-05,4.3121e-05,4.2438e-05,3.5949e-05,0.0061303,0.0072128,0.0048186,0.0057396,0.0079209,0.0058022,0.0075694,0.0066988,0.0065808,0.0060964
67.25,0.72848,0.81553,0.70938,0.68436,0.87344,0.62381,0.77184,0.77664,0.71019,0.77346,3.6893e-05,4.9632e-05,2.3704e-05,3.1996e-05,6.2783e-05,3.2831e-05,5.4548e-05,4.2921e-05,4.0866e-05,3.6991e-05,0.0061436,0.0072031,0.004907,0.0057466,0.0080309,0.0058063,0.0075622,0.0066821,0.0064576,0.006183
67.5,0.71182,0.8169,0.71685,0.68658,0.86375,0.63547,0.77221,0.777,0.71901,0.776,3.6527e-05,5.0351e-05,2.4244e-05,3.1903e-05,6.3049e-05,3.2776e-05,5.4668e-05,4.2863e-05,4.2007e-05,3.7569e-05,0.006113,0.0072538,0.0049638,0.0057376,0.0080483,0.0058009,0.0075685,0.0066764,0.0065485,0.0062298
67.75,0.71815,0.82311,0.7035,0.69237,0.86342,0.65814,0.77639,0.7769,0.72485,0.75939,3.6025e-05,5.154e-05,2.4159e-05,3.1817e-05,6.2942e-05,3.104e-05,5.5354e-05,4.2934e-05,4.312e-05,3.7488e-05,0.006071,0.007337,0.0049559,0.0057285,0.0080421,0.0056439,0.0076134,0.0066801,0.0066361,0.0062213
68,0.69765,0.81493,0.70616,0.69633,0.85617,0.6475,0.77827,0.77469,0.70598,0.75105,3.5664e-05,5.1702e-05,2.4252e-05,3.1818e-05,6.287e-05,3.1062e-05,5.5977e-05,4.2904e-05,4.2781e-05,3.7439e-05,0.0060406,0.0073471,0.0049665,0.0057277,0.0080385,0.0056447,0.0076535,0.006676,0.0066107,0.0062154
68.25,0.68806,0.80942,0.70085,0.69775,0.86321,0.65466,0.78804,0.7732,0.70311,0.75083,3.442e-05,5.1567e-05,2.4017e-05,3.1883e-05,6.2365e-05,3.115e-05,5.6812e-05,4.3055e-05,4.3442e-05,3.5236e-05,0.0059351,0.0073367,0.0049431,0.0057323,0.0080076,0.0056515,0.0077072,0.0066857,0.0066615,0.0060268
68.5,0.6846,0.80368,0.69814,0.70154,0.86264,0.65228,0.78858,0.78501,0.71719,0.73043,3.3253e-05,5.116e-05,2.4437e-05,3.1834e-05,6.2439e-05,3.0654e-05,5.7054e-05,4.3356e-05,4.3844e-05,3.3885e-05,0.005834,0.0073072,0.0049863,0.005727,0.0080131,0.0056059,0.0077212,0.0067064,0.0066923,0.0059077
68.75,0.67926,0.80604,0.68252,0.6967,0.86431,0.6491,0.78948,0.78527,0.71218,0.72871,3.2631e-05,5.0368e-05,2.4426e-05,3.1683e-05,6.2246e-05,3.0473e-05,5.7375e-05,4.3228e-05,4.4148e-05,3.2183e-05,0.0057793,0.0072503,0.0049855,0.0057119,0.0080014,0.0055886,0.0077402,0.0066947,0.0067155,0.005755
69,0.68975,0.797,0.67601,0.68669,0.86467,0.64703,0.78327,0.78205,0.71267,0.73962,3.2379e-05,5.0169e-05,2.3986e-05,3.1223e-05,6.2607e-05,3.0154e-05,5.7396e-05,4.3314e-05,4.4695e-05,3.12e-05,0.0057567,0.0072357,0.0049414,0.0056687,0.0080254,0.0055588,0.0077394,0.0066993,0.0067569,0.0056643
69.25,0.68179,0.77989,0.68587,0.66827,0.85991,0.64848,0.78404,0.77797,0.68254,0.73144,3.2363e-05,4.8528e-05,2.3668e-05,3.0609e-05,6.2606e-05,3.0075e-05,5.7437e-05,4.2871e-05,4.4388e-05,3.1078e-05,0.005755,0.0071159,0.0049095,0.0056108,0.0080255,0.0055508,0.0077401,0.0066633,0.0067351,0.0056515
69.5,0.6766,0.80068,0.67494,0.67826,0.85834,0.65032,0.78117,0.77626,0.69173,0.70829,3.2927e-05,4.671e-05,2.3623e-05,2.9072e-05,6.241e-05,3.0283e-05,5.6927e-05,4.2112e-05,4.5241e-05,3.0193e-05,0.005804,0.0069808,0.0049052,0.0054661,0.0080134,0.0055688,0.0077026,0.0066029,0.006801,0.0055685
69.75,0.66033,0.80266,0.69359,0.68733,0.85784,0.65488,0.78229,0.78033,0.6898,0.73024,3.2362e-05,4.6525e-05,2.3484e-05,2.8684e-05,6.2519e-05,3.0616e-05,5.7157e-05,4.1885e-05,4.5456e-05,2.8464e-05,0.0057529,0.0069658,0.0048911,0.0054281,0.0080216,0.0055981,0.0077159,0.0065834,0.0068183,0.0054047
70,0.64252,0.80341,0.69775,0.68604,0.85189,0.6556,0.7928,0.78009,0.67597,0.74417,3.1456e-05,4.6502e-05,2.412e-05,2.8858e-05,6.2368e-05,3.0781e-05,5.8926e-05,4.2019e-05,4.5284e-05,2.8132e-05,0.0056708,0.0069624,0.0049566,0.0054438,0.0080123,0.005612,0.0078327,0.0065915,0.0068056,0.0053714
70.25,0.65026,0.80359,0.73407,0.67541,0.84786,0.64008,0.77761,0.77858,0.68285,0.73936,3.0561e-05,4.6534e-05,2.4554e-05,2.8645e-05,6.2207e-05,3.1219e-05,5.896e-05,4.2235e-05,4.5103e-05,2.8099e-05,0.0055878,0.0069635,0.0050003,0.0054228,0.0080021,0.0056511,0.0078324,0.0066054,0.0067932,0.005367
70.5,0.62936,0.80161,0.73,0.6841,0.84845,0.60302,0.77497,0.76199,0.68909,0.72031,3.044e-05,4.6592e-05,2.4979e-05,2.8191e-05,6.1587e-05,3.1141e-05,5.8979e-05,4.1959e-05,4.5831e-05,2.7915e-05,0.0055762,0.006966,0.0050433,0.0053791,0.0079626,0.0056424,0.0078311,0.0065807,0.0068485,0.0053482
70.75,0.60709,0.79422,0.73342,0.68449,0.84803,0.54662,0.78431,0.7165,0.6692,0.71587,3.0306e-05,4.6505e-05,2.5371e-05,2.8197e-05,6.1353e-05,2.9807e-05,5.8489e-05,3.9623e-05,4.6108e-05,2.5625e-05,0.0055628,0.0069573,0.0050827,0.0053785,0.0079478,0.0055184,0.0077953,0.0063916,0.0068686,0.0051234
71,0.59465,0.7797,0.7282,0.68525,0.84369,0.52061,0.78908,0.65051,0.67346,0.69332,2.8821e-05,4.5407e-05,2.5284e-05,2.8265e-05,6.1723e-05,2.5646e-05,5.8858e-05,3.4879e-05,4.5661e-05,2.4316e-05,0.0054232,0.0068715,0.0050738,0.0053838,0.0079712,0.0051164,0.0078168,0.0059936,0.0068354,0.00499
71.25,0.60531,0.76704,0.72988,0.68918,0.84713,0.49421,0.78975,0.61236,0.68163,0.68537,2.7613e-05,4.3406e-05,2.5299e-05,2.8644e-05,6.1764e-05,2.3385e-05,5.8804e-05,2.9384e-05,4.6193e-05,2.2745e-05,0.0053072,0.006715,0.0050757,0.0054183,0.0079734,0.0048839,0.0078088,0.0054985,0.0068747,0.0048253
71.5,0.60251,0.74729,0.76265,0.69024,0.8481,0.51759,0.78474,0.63291,0.69009,0.69867,2.7575e-05,4.0963e-05,2.4723e-05,2.8846e-05,6.2123e-05,2.2101e-05,5.869e-05,2.5448e-05,4.7112e-05,2.168e-05,0.0053028,0.0065199,0.005018,0.0054361,0.0079958,0.0047467,0.0077967,0.0051147,0.0069419,0.0047102
71.75,0.59831,0.70947,0.76559,0.67203,0.84907,0.51704,0.79559,0.59849,0.69074,0.67479,2.7577e-05,3.8683e-05,2.4824e-05,2.8537e-05,6.2437e-05,2.2355e-05,5.8e-05,2.3694e-05,4.7418e-05,2.157e-05,0.0053019,0.0063322,0.0050279,0.0054054,0.0080151,0.0047733,0.007746,0.004933,0.0069633,0.0046974
72,0.60163,0.6795,0.75045,0.60419,0.85204,0.50352,0.78088,0.61535,0.69325,0.68684,2.7553e-05,3.4095e-05,2.4837e-05,2.7037e-05,6.2943e-05,2.2049e-05,5.7562e-05,2.291e-05,4.7713e-05,2.0789e-05,0.0052985,0.0059413,0.0050295,0.0052597,0.0080462,0.0047396,0.0077134,0.0048487,0.0069838,0.0046106
72.25,0.60275,0.62546,0.75054,0.53468,0.85853,0.5031,0.77898,0.61269,0.69388,0.68933,2.7661e-05,2.9864e-05,2.5236e-05,2.2139e-05,6.3298e-05,2.1883e-05,5.7207e-05,2.291e-05,4.8324e-05,2.0813e-05,0.0053081,0.0055573,0.0050702,0.0047576,0.008068,0.0047203,0.0076866,0.004847,0.0070273,0.0046121
72.5,0.61437,0.60291,0.72842,0.53519,0.85736,0.50588,0.78889,0.59762,0.66491,0.68409,2.7832e-05,2.5363e-05,2.5304e-05,1.8023e-05,6.346e-05,2.202e-05,5.7306e-05,2.2552e-05,4.7552e-05,2.0747e-05,0.0053238,0.0051185,0.0050772,0.0042908,0.0080771,0.004734,0.0076906,0.0048071,0.0069695,0.0046032
72.75,0.6297,0.58668,0.72308,0.52097,0.85458,0.5061,0.782,0.60888,0.6526,0.68037,2.7727e-05,2.2657e-05,2.3122e-05,1.6924e-05,6.3451e-05,2.221e-05,5.7345e-05,2.1705e-05,4.4053e-05,2.0404e-05,0.0053126,0.0048357,0.0048529,0.0041568,0.0080759,0.0047532,0.0076906,0.0047141,0.0067059,0.0045634
73,0.64457,0.5883,0.70185,0.54765,0.8545,0.47266,0.76358,0.6113,0.62157,0.68287,2.7228e-05,2.1687e-05,2.1781e-05,1.7043e-05,6.3465e-05,2.1905e-05,5.6251e-05,2.1754e-05,4.1241e-05,2.028e-05,0.0052643,0.0047295,0.0047097,0.0041707,0.0080759,0.0047196,0.0076136,0.0047179,0.006487,0.0045479
73.25,0.64181,0.59848,0.73005,0.56565,0.85442,0.50775,0.76632,0.61079,0.62911,0.68712,2.7778e-05,2.2503e-05,2.2969e-05,1.7718e-05,6.3532e-05,2.0643e-05,5.345e-05,2.1783e-05,3.8709e-05,2.0415e-05,0.0053169,0.0048166,0.0048369,0.0042522,0.0080791,0.0045803,0.0074181,0.0047198,0.0062832,0.0045615
73.5,0.62373,0.58972,0.74555,0.58668,0.8505,0.5189,0.7654,0.60678,0.61358,0.67624,2.7747e-05,2.2329e-05,2.3851e-05,1.8558e-05,6.3686e-05,2.0981e-05,5.2417e-05,2.189e-05,3.8394e-05,2.0397e-05,0.0053133,0.0047966,0.0049292,0.0043516,0.0080873,0.0046168,0.0073433,0.0047297,0.0062563,0.0045583
73.75,0.58397,0.60688,0.71876,0.57801,0.84498,0.50075,0.78044,0.60932,0.59005,0.66672,2.7076e-05,2.3089e-05,2.3918e-05,1.8694e-05,6.2265e-05,2.0562e-05,5.125e-05,2.1927e-05,3.6844e-05,2.0109e-05,0.005247,0.0048767,0.0049365,0.0043672,0.0079943,0.0045696,0.0072582,0.004732,0.0061272,0.0045246
74,0.59143,0.60099,0.71746,0.54992,0.82395,0.51502,0.78021,0.60741,0.60269,0.63209,2.4385e-05,2.3046e-05,2.3948e-05,1.8911e-05,6.0594e-05,2.0657e-05,5.1697e-05,2.1961e-05,3.4752e-05,2.0268e-05,0.0049778,0.0048718,0.0049401,0.0043917,0.0078846,0.0045797,0.0072876,0.0047348,0.0059492,0.0045414
74.25,0.58367,0.57643,0.71509,0.56494,0.83375,0.54442,0.76766,0.60907,0.61266,0.55649,2.4029e-05,2.2501e-05,2.4011e-05,1.8238e-05,5.7438e-05,2.2194e-05,5.1146e-05,2.2062e-05,3.4451e-05,1.7865e-05,0.0049401,0.0048133,0.0049467,0.0043125,0.0076747,0.0047472,0.0072457,0.0047444,0.0059224,0.0042621
74.5,0.57886,0.56313,0.72199,0.55814,0.83838,0.56609,0.76794,0.60283,0.61467,0.59357,2.4364e-05,2.1516e-05,2.4458e-05,1.8293e-05,5.6181e-05,2.3331e-05,5.0673e-05,2.2074e-05,3.4632e-05,1.5148e-05,0.0049741,0.0047059,0.0049923,0.0043186,0.0075889,0.0048674,0.0072093,0.0047444,0.0059374,0.0039231
74.75,0.5818,0.54044,0.72228,0.54252,0.82628,0.58428,0.76378,0.60484,0.61408,0.55022,2.4785e-05,2.1264e-05,2.4423e-05,1.7167e-05,5.5163e-05,2.3391e-05,5.0823e-05,2.161e-05,3.4634e-05,1.4804e-05,0.0050167,0.0046774,0.0049889,0.0041834,0.0075181,0.004874,0.0072168,0.0046928,0.0059373,0.003877
75,0.60074,0.56638,0.72507,0.52623,0.82174,0.59477,0.75758,0.60208,0.61279,0.55488,2.6032e-05,1.9997e-05,2.4579e-05,1.678e-05,5.4459e-05,2.4048e-05,5.0473e-05,2.1572e-05,3.3948e-05,1.3869e-05,0.0051417,0.0045355,0.0050047,0.0041356,0.007468,0.0049422,0.0071887,0.0046872,0.0058787,0.0037511
75.25,0.56473,0.56984,0.73808,0.53626,0.83107,0.61245,0.76264,0.59314,0.61351,0.52709,2.5911e-05,2.0038e-05,2.5586e-05,1.6204e-05,5.3425e-05,2.6573e-05,4.9806e-05,2.141e-05,3.3847e-05,1.3796e-05,0.0051296,0.004539,0.0051059,0.0040636,0.0073947,0.0051959,0.0071377,0.0046685,0.0058705,0.0037403
75.5,0.56012,0.55312,0.74715,0.54683,0.83053,0.56768,0.74606,0.59644,0.61044,0.54107,2.4804e-05,1.9943e-05,2.655e-05,1.6374e-05,5.3529e-05,2.4239e-05,4.9764e-05,2.099e-05,3.407e-05,1.3342e-05,0.0050188,0.0045271,0.0052009,0.0040844,0.0074003,0.0049631,0.0071327,0.0046218,0.0058904,0.0036774
75.75,0.54316,0.55041,0.74625,0.54498,0.82694,0.58554,0.73189,0.59517,0.60566,0.54952,2.4412e-05,1.8579e-05,2.7113e-05,1.6408e-05,5.3144e-05,2.3517e-05,4.8989e-05,2.0922e-05,3.3312e-05,1.3371e-05,0.0049789,0.0043679,0.0052555,0.0040882,0.0073724,0.0048887,0.0070743,0.0046133,0.005825,0.0036806
76,0.54217,0.56163,0.74706,0.54933,0.82995,0.58295,0.73395,0.60242,0.59564,0.5517,2.3612e-05,1.8108e-05,2.7116e-05,1.669e-05,5.2943e-05,2.3893e-05,4.7566e-05,2.0877e-05,3.3519e-05,1.3442e-05,0.0048966,0.0043111,0.005256,0.0041225,0.0073575,0.0049269,0.0069681,0.0046076,0.0058436,0.0036897
76.25,0.55232,0.55773,0.73657,0.53676,0.83039,0.58262,0.72364,0.59947,0.60898,0.53275,2.3397e-05,1.8617e-05,2.713e-05,1.6501e-05,5.3042e-05,2.4017e-05,4.6964e-05,2.0714e-05,3.4229e-05,1.3367e-05,0.004874,0.00437,0.0052577,0.0040984,0.0073639,0.0049392,0.0069214,0.0045882,0.0059067,0.0036786
76.5,0.5467,0.57199,0.73154,0.54662,0.83034,0.59392,0.76765,0.59771,0.63124,0.54459,2.336e-05,1.9127e-05,2.7177e-05,1.6104e-05,5.3117e-05,2.448e-05,4.5666e-05,2.0685e-05,3.5504e-05,1.2843e-05,0.0048696,0.0044284,0.0052624,0.0040481,0.0073685,0.0049861,0.0068222,0.0045838,0.006017,0.0036049
76.75,0.55232,0.5726,0.73773,0.55906,0.8308,0.57406,0.7475,0.58262,0.65051,0.5401,2.2986e-05,1.897e-05,2.7183e-05,1.6311e-05,5.304e-05,2.4478e-05,4.5008e-05,2.0552e-05,3.7589e-05,1.2973e-05,0.0048297,0.0044096,0.0052631,0.0040734,0.0073623,0.0049857,0.0067721,0.0045679,0.0061924,0.0036222
77,0.5518,0.57175,0.72454,0.59197,0.83192,0.57694,0.70527,0.61095,0.65277,0.55652,2.2979e-05,1.8911e-05,2.7826e-05,1.5915e-05,5.3097e-05,2.4532e-05,4.3462e-05,1.9669e-05,3.762e-05,1.2841e-05,0.0048285,0.0044019,0.0053257,0.0040234,0.007366,0.0049911,0.0066552,0.0044672,0.006196,0.0036033
77.25,0.5548,0.57338,0.72541,0.59249,0.83454,0.59021,0.69382,0.61037,0.63823,0.56172,2.3018e-05,1.9219e-05,2.7875e-05,1.5721e-05,5.3077e-05,2.572e-05,3.7831e-05,1.9721e-05,3.7787e-05,1.2962e-05,0.0048319,0.0044372,0.0053312,0.0039986,0.007364,0.0051108,0.0062095,0.0044721,0.0062092,0.0036195
77.5,0.56669,0.57524,0.7169,0.60067,0.82968,0.58887,0.6837,0.60053,0.63307,0.56108,2.2936e-05,1.9368e-05,2.7821e-05,1.6007e-05,5.2784e-05,2.5897e-05,3.5378e-05,1.9858e-05,3.765e-05,1.3005e-05,0.004823,0.0044537,0.0053263,0.0040346,0.0073437,0.0051284,0.0060046,0.004487,0.006198,0.0036248
77.75,0.5686,0.56645,0.71687,0.57307,0.82519,0.57429,0.67798,0.60523,0.62663,0.56465,2.3053e-05,1.9394e-05,2.78e-05,1.5988e-05,5.1971e-05,2.5776e-05,3.3725e-05,1.9824e-05,3.7044e-05,1.2865e-05,0.0048343,0.0044559,0.0053246,0.004032,0.0072874,0.0051159,0.0058622,0.0044824,0.0061482,0.0036045
78,0.56445,0.55071,0.71828,0.56697,0.82642,0.56593,0.66111,0.60418,0.63528,0.57518,2.3027e-05,2.1529e-05,2.7863e-05,1.5384e-05,5.1116e-05,2.5534e-05,3.2859e-05,1.9819e-05,3.6322e-05,1.2895e-05,0.0048309,0.0046948,0.0053311,0.0039552,0.007228,0.0050914,0.0057858,0.0044813,0.0060882,0.0036079
78.25,0.55116,0.55099,0.71965,0.54193,0.81598,0.57064,0.64352,0.59726,0.63835,0.57831,2.304e-05,2.2369e-05,2.7733e-05,1.5093e-05,5.0538e-05,2.5459e-05,3.1362e-05,1.9764e-05,3.6251e-05,1.3011e-05,0.0048314,0.0047855,0.0053186,0.0039177,0.0071875,0.0050836,0.005652,0.0044745,0.0060823,0.0036237
78.5,0.52321,0.57975,0.71936,0.49904,0.82073,0.57605,0.60257,0.58755,0.63347,0.57057,2.1858e-05,2.2911e-05,2.7748e-05,1.4799e-05,4.8729e-05,2.6148e-05,2.9684e-05,1.9253e-05,3.6227e-05,1.3037e-05,0.0047049,0.0048436,0.0053202,0.0038792,0.0070582,0.005152,0.0054988,0.0044161,0.0060802,0.0036269
78.75,0.53956,0.58245,0.72113,0.47157,0.81465,0.54944,0.57261,0.57306,0.63656,0.54868,2.0577e-05,2.2934e-05,2.7748e-05,1.3938e-05,4.8105e-05,2.5625e-05,2.7577e-05,1.8917e-05,3.5887e-05,1.2653e-05,0.004564,0.004846,0.0053202,0.0037649,0.007013,0.0050995,0.0052999,0.004377,0.0060511,0.0035729
79,0.5482,0.58457,0.72253,0.42474,0.80906,0.57293,0.61038,0.53801,0.64007,0.54936,2.0694e-05,2.3022e-05,2.7856e-05,1.3262e-05,4.707e-05,2.5732e-05,2.6077e-05,1.9255e-05,3.6233e-05,1.213e-05,0.0045769,0.0048547,0.0053306,0.0036726,0.0069374,0.0051091,0.0051535,0.0044163,0.0060804,0.0034984
79.25,0.55133,0.587,0.71798,0.43436,0.8056,0.55387,0.61084,0.5402,0.62768,0.54906,2.063e-05,2.3476e-05,2.7866e-05,1.2339e-05,4.594e-05,2.5474e-05,2.6179e-05,1.9444e-05,3.6387e-05,1.2057e-05,0.0045697,0.0049022,0.005332,0.0035429,0.0068537,0.0050834,0.0051626,0.0044382,0.0060931,0.0034878
79.5,0.54527,0.58895,0.71925,0.44059,0.81374,0.53066,0.60817,0.50592,0.62198,0.5543,2.0546e-05,2.3144e-05,2.8139e-05,1.2459e-05,4.4884e-05,2.4815e-05,2.6245e-05,1.8961e-05,3.6469e-05,1.2091e-05,0.0045599,0.004867,0.0053586,0.0035603,0.0067749,0.0050173,0.0051687,0.0043825,0.0060997,0.0034923
79.75,0.56547,0.59053,0.708,0.46034,0.80918,0.55105,0.60044,0.47254,0.62786,0.55044,2.1112e-05,2.3172e-05,2.8189e-05,1.2668e-05,4.474e-05,2.3832e-05,2.5972e-05,1.8544e-05,3.6002e-05,1.2097e-05,0.0046215,0.0048688,0.0053635,0.0035903,0.0067636,0.0049169,0.0051406,0.004334,0.0060609,0.0034929
80,0.57026,0.59646,0.70935,0.47417,0.80218,0.55384,0.60398,0.45605,0.62806,0.54417,2.1407e-05,2.3158e-05,2.8292e-05,1.3023e-05,4.4138e-05,2.3852e-05,2.5862e-05,1.7157e-05,3.602e-05,1.2073e-05,0.0046535,0.0048668,0.0053733,0.0036402,0.0067179,0.0049188,0.0051285,0.0041688,0.0060623,0.0034893
80.25,0.57937,0.591,0.7097,0.53778,0.78738,0.55381,0.60183,0.43532,0.63216,0.54353,2.2143e-05,2.2325e-05,2.8422e-05,1.52e-05,4.3619e-05,2.3854e-05,2.5828e-05,1.6771e-05,3.6481e-05,1.2049e-05,0.0047324,0.0047782,0.0053856,0.0039332,0.0066779,0.0049187,0.0051244,0.0041215,0.0061014,0.0034857
80.5,0.57269,0.59733,0.72386,0.64093,0.79483,0.52642,0.59925,0.40322,0.64065,0.5112,2.201e-05,2.2402e-05,2.8475e-05,1.8354e-05,4.1869e-05,2.3199e-05,2.5787e-05,1.6079e-05,3.711e-05,1.1768e-05,0.0047182,0.004786,0.0053903,0.0043228,0.0065426,0.0048499,0.0051196,0.0040355,0.0061539,0.0034451
80.75,0.5684,0.58168,0.71861,0.58356,0.832,0.52318,0.60657,0.40902,0.62214,0.5234,2.1446e-05,2.2377e-05,2.8135e-05,1.8611e-05,4.1395e-05,2.2065e-05,2.5637e-05,1.4978e-05,3.7077e-05,1.2151e-05,0.0046578,0.0047828,0.0053586,0.0043532,0.006505,0.0047288,0.005104,0.0038949,0.0061507,0.0035012
81,0.57701,0.57824,0.71418,0.5728,0.83201,0.512,0.60319,0.43571,0.60165,0.54181,2.139e-05,2.2057e-05,2.8256e-05,1.8334e-05,4.1529e-05,2.1422e-05,2.5874e-05,1.5045e-05,3.6605e-05,1.2689e-05,0.004652,0.0047482,0.005371,0.00432,0.0065144,0.0046587,0.0051268,0.0039034,0.0061105,0.0035781
81.25,0.57239,0.58122,0.71096,0.57875,0.82883,0.5151,0.59084,0.37871,0.61581,0.62283,2.1328e-05,2.203e-05,2.7975e-05,1.8591e-05,4.1266e-05,2.1321e-05,2.6049e-05,1.4288e-05,3.4917e-05,1.5182e-05,0.0046453,0.0047448,0.0053449,0.0043496,0.0064935,0.004647,0.0051439,0.0038031,0.0059661,0.0039146
81.5,0.58917,0.58531,0.70128,0.5915,0.83201,0.51705,0.57487,0.39877,0.63182,0.64871,2.2441e-05,2.2029e-05,2.7948e-05,1.9177e-05,4.1302e-05,2.1289e-05,2.5218e-05,1.3048e-05,3.5036e-05,1.6737e-05,0.0047655,0.0047441,0.0053425,0.004417,0.0064962,0.0046433,0.0050601,0.0036337,0.005975,0.0041107
81.75,0.5861,0.58534,0.71841,0.60655,0.831,0.49981,0.56417,0.39816,0.63546,0.62846,2.294e-05,2.233e-05,2.7934e-05,1.9351e-05,4.1339e-05,2.1237e-05,2.4581e-05,1.3067e-05,3.5394e-05,1.7008e-05,0.0048185,0.0047754,0.0053415,0.0044366,0.0064986,0.0046375,0.0049947,0.0036362,0.0060049,0.0041441
82,0.63466,0.59844,0.70752,0.61089,0.82765,0.50818,0.55815,0.40216,0.62993,0.63159,2.4075e-05,2.2819e-05,2.7938e-05,1.8991e-05,4.144e-05,2.0847e-05,2.3939e-05,1.3207e-05,3.5401e-05,1.7081e-05,0.0049367,0.0048261,0.0053419,0.0043945,0.0065057,0.0045948,0.0049283,0.0036557,0.0060051,0.0041531
82.25,0.64208,0.60849,0.7018,0.60585,0.82448,0.50443,0.57369,0.44102,0.63936,0.63774,2.505e-05,2.315e-05,2.8107e-05,1.9187e-05,4.0309e-05,2.0632e-05,2.373e-05,1.4861e-05,3.4406e-05,1.8028e-05,0.0050365,0.0048599,0.0053583,0.0044171,0.0064141,0.004571,0.0049062,0.0038783,0.005919,0.0042674
82.5,0.66819,0.61309,0.71735,0.59108,0.82745,0.50148,0.58896,0.46327,0.63909,0.64213,2.636e-05,2.3473e-05,2.8674e-05,1.9278e-05,3.9128e-05,2.0756e-05,2.3746e-05,1.5441e-05,3.439e-05,1.7966e-05,0.0051678,0.0048929,0.005412,0.004427,0.0063173,0.0045849,0.0049078,0.0039535,0.0059169,0.0042607
82.75,0.68333,0.63574,0.69807,0.5766,0.80222,0.50352,0.60097,0.4488,0.63821,0.63037,2.7773e-05,2.3398e-05,2.8558e-05,1.9437e-05,3.8139e-05,2.072e-05,2.2932e-05,1.5131e-05,3.444e-05,1.7962e-05,0.0053055,0.0048846,0.0054012,0.004445,0.0062355,0.0045814,0.0048221,0.003913,0.0059208,0.0042603
83,0.70326,0.63565,0.68943,0.59149,0.79472,0.51548,0.60748,0.45043,0.63718,0.62759,2.9197e-05,2.3619e-05,2.8395e-05,1.9071e-05,3.5704e-05,2.1538e-05,2.2912e-05,1.5435e-05,3.4598e-05,1.8098e-05,0.0054413,0.0049066,0.0053865,0.0044027,0.0060317,0.0046716,0.0048196,0.0039517,0.0059345,0.0042768
83.25,0.68477,0.64396,0.70797,0.56663,0.76551,0.53509,0.60346,0.45603,0.63324,0.60722,2.9219e-05,2.3344e-05,2.9977e-05,1.925e-05,3.3963e-05,2.1672e-05,2.2008e-05,1.557e-05,3.422e-05,1.8038e-05,0.0054445,0.0048771,0.0055357,0.0044224,0.0058813,0.0046866,0.0047237,0.0039684,0.0059021,0.0042698
83.5,0.66598,0.63956,0.71133,0.56333,0.74373,0.52613,0.60391,0.45763,0.63467,0.61379,2.8895e-05,2.3454e-05,3.1018e-05,1.9278e-05,3.1082e-05,2.1628e-05,2.1558e-05,1.5601e-05,3.3939e-05,1.8201e-05,0.0054147,0.0048883,0.0056318,0.0044253,0.0056248,0.0046817,0.0046752,0.003972,0.0058778,0.004289
83.75,0.67511,0.65039,0.71188,0.56629,0.74332,0.52461,0.59034,0.46414,0.62895,0.61507,2.9398e-05,2.4188e-05,3.1598e-05,1.9464e-05,2.8204e-05,2.1326e-05,2.1595e-05,1.5697e-05,3.3985e-05,1.8173e-05,0.0054618,0.0049643,0.0056848,0.0044461,0.0053567,0.0046484,0.0046794,0.0039839,0.0058817,0.0042859
84,0.69348,0.66255,0.71572,0.5578,0.72383,0.52674,0.58451,0.4587,0.60335,0.61992,3.0927e-05,2.5105e-05,3.1961e-05,1.9434e-05,2.6768e-05,2.1556e-05,2.181e-05,1.5712e-05,3.342e-05,1.831e-05,0.0056018,0.0050576,0.0057181,0.0044424,0.0052172,0.004673,0.0047034,0.0039855,0.0058324,0.0043018
84.25,0.67642,0.69134,0.69567,0.56018,0.7412,0.51484,0.5843,0.45287,0.60785,0.6345,3.1135e-05,2.6031e-05,3.1855e-05,1.9673e-05,2.5663e-05,2.1372e-05,2.1108e-05,1.5351e-05,3.2146e-05,1.8395e-05,0.0056208,0.0051497,0.0057089,0.0044691,0.0051068,0.0046526,0.0046276,0.0039388,0.0057204,0.0043118
84.5,0.68755,0.66687,0.69195,0.5633,0.73998,0.55219,0.57142,0.4569,0.62059,0.62363,3.2014e-05,2.6001e-05,3.1347e-05,1.9873e-05,2.5661e-05,2.1023e-05,2.0807e-05,1.5157e-05,3.2128e-05,1.8344e-05,0.0056996,0.0051463,0.0056634,0.0044911,0.0051053,0.0046137,0.0045948,0.0039136,0.0057184,0.0043057
84.75,0.65776,0.65825,0.69248,0.55006,0.72627,0.55816,0.58274,0.45666,0.62027,0.64219,3.1635e-05,2.5949e-05,3.0783e-05,1.9637e-05,2.5535e-05,2.1253e-05,2.1024e-05,1.5365e-05,3.2283e-05,1.8274e-05,0.0056665,0.0051404,0.0056126,0.0044637,0.0050915,0.0046389,0.0046185,0.00394,0.0057315,0.0042971
85,0.64837,0.65853,0.69808,0.5601,0.69904,0.56432,0.59057,0.47047,0.6102,0.64615,3.1398e-05,2.6029e-05,3.0623e-05,1.9214e-05,2.4312e-05,2.15e-05,2.1576e-05,1.5369e-05,3.2352e-05,1.8339e-05,0.0056463,0.0051474,0.0055982,0.0044145,0.004967,0.0046657,0.004678,0.0039402,0.0057365,0.0043048
85.25,0.66666,0.6471,0.69582,0.55858,0.64649,0.56507,0.60164,0.49984,0.63841,0.64912,3.1578e-05,2.5965e-05,3.0836e-05,1.9304e-05,2.3128e-05,2.1513e-05,2.1811e-05,1.5069e-05,3.0999e-05,1.8532e-05,0.0056639,0.0051405,0.005617,0.0044246,0.004844,0.0046671,0.0047027,0.0039011,0.0056141,0.0043274
85.5,0.68704,0.6527,0.68431,0.58819,0.73529,0.55676,0.61312,0.47679,0.6436,0.63095,3.3338e-05,2.6563e-05,3.0172e-05,1.8934e-05,2.2045e-05,2.1806e-05,2.2362e-05,1.5059e-05,3.1336e-05,1.8411e-05,0.0058208,0.0051993,0.0055555,0.0043819,0.0047288,0.0046991,0.0047612,0.0039,0.005644,0.0043134
85.75,0.69393,0.67281,0.67509,0.58704,0.78003,0.54067,0.61528,0.45595,0.63516,0.63273,3.4392e-05,2.8019e-05,2.9265e-05,1.8629e-05,2.4733e-05,2.1917e-05,2.2657e-05,1.4604e-05,3.1166e-05,1.8163e-05,0.0059132,0.0053399,0.0054706,0.0043455,0.0050094,0.0047111,0.0047921,0.003841,0.0056277,0.0042846
86,0.6736,0.68371,0.67019,0.57842,0.76515,0.54889,0.61685,0.45625,0.63847,0.62598,3.4052e-05,2.8981e-05,2.8465e-05,1.8421e-05,2.6133e-05,2.2443e-05,2.2589e-05,1.3935e-05,3.0982e-05,1.8109e-05,0.005884,0.0054308,0.0053945,0.0043204,0.00515,0.0047671,0.0047842,0.0037521,0.0056098,0.0042783
86.25,0.65189,0.64129,0.64851,0.57969,0.74798,0.54614,0.61073,0.46326,0.64419,0.61756,3.3151e-05,2.8954e-05,2.8283e-05,1.803e-05,2.6383e-05,2.2551e-05,2.2537e-05,1.3868e-05,3.0635e-05,1.7926e-05,0.005805,0.0054275,0.0053762,0.0042736,0.0051759,0.0047785,0.0047782,0.0037432,0.0055774,0.0042568
86.5,0.63372,0.65788,0.63932,0.57443,0.76324,0.54346,0.60982,0.44922,0.63842,0.64478,3.2124e-05,2.8588e-05,2.6558e-05,1.7999e-05,2.6772e-05,2.2421e-05,2.2356e-05,1.3884e-05,3.0784e-05,1.8e-05,0.0057143,0.0053921,0.0052089,0.0042697,0.0052156,0.004765,0.0047588,0.0037449,0.005591,0.0042656
86.75,0.64298,0.65451,0.64437,0.57116,0.74613,0.53771,0.61829,0.43989,0.63731,0.64248,3.3376e-05,2.8588e-05,2.6558e-05,1.7914e-05,2.5337e-05,2.3183e-05,2.2819e-05,1.3435e-05,3.0808e-05,1.8308e-05,0.0058252,0.0053917,0.0052088,0.004259,0.0050751,0.0048461,0.0048083,0.0036834,0.0055932,0.0043016
87,0.6043,0.64276,0.63718,0.57494,0.74994,0.56829,0.6263,0.44131,0.63521,0.60999,3.2421e-05,2.8352e-05,2.6655e-05,1.7987e-05,2.6533e-05,2.4395e-05,2.3293e-05,1.3229e-05,3.0927e-05,1.7704e-05,0.0057408,0.0053691,0.0052181,0.0042672,0.0051949,0.0049723,0.0048584,0.0036547,0.0056035,0.0042296
87.25,0.6129,0.64059,0.62367,0.56476,0.72851,0.58803,0.62583,0.42617,0.6102,0.5969,3.2216e-05,2.7518e-05,2.5914e-05,1.8392e-05,2.5077e-05,2.5519e-05,2.3446e-05,1.3496e-05,3.0763e-05,1.6622e-05,0.0057226,0.0052896,0.0051445,0.0043151,0.0050513,0.0050865,0.0048745,0.0036915,0.0055885,0.0040977
87.5,0.6085,0.62753,0.63181,0.54882,0.72917,0.58344,0.60708,0.44736,0.57399,0.62944,3.211e-05,2.7045e-05,2.5228e-05,1.8379e-05,2.462e-05,2.5766e-05,2.3772e-05,1.3694e-05,2.962e-05,1.5791e-05,0.0057137,0.0052438,0.0050754,0.0043132,0.0050057,0.0051116,0.0049081,0.0037185,0.0054827,0.0039934
87.75,0.61568,0.63982,0.6272,0.54485,0.74769,0.59591,0.59445,0.44376,0.60399,0.63801,3.175e-05,2.616e-05,2.5185e-05,1.8743e-05,2.5165e-05,2.5535e-05,2.3314e-05,1.3643e-05,2.8366e-05,1.6173e-05,0.005682,0.0051574,0.0050708,0.0043558,0.0050617,0.0050887,0.0048611,0.0037116,0.0053642,0.0040411
88,0.62064,0.63636,0.63321,0.5188,0.74692,0.58949,0.58094,0.45175,0.61245,0.63733,3.2801e-05,2.6122e-05,2.4795e-05,1.8899e-05,2.5582e-05,2.5574e-05,2.2905e-05,1.3819e-05,2.8727e-05,1.6226e-05,0.0057748,0.0051537,0.0050308,0.0043736,0.0051038,0.0050927,0.0048186,0.0037351,0.0053978,0.0040477
88.25,0.62536,0.63571,0.63127,0.51647,0.73111,0.59199,0.57937,0.43542,0.617,0.65431,3.322e-05,2.6143e-05,2.5432e-05,1.8877e-05,2.5494e-05,2.5571e-05,2.2162e-05,1.3748e-05,2.9482e-05,1.646e-05,0.005811,0.0051555,0.0050942,0.0043708,0.0050949,0.0050927,0.0047404,0.0037257,0.0054681,0.0040768
88.5,0.63321,0.62891,0.63098,0.51636,0.73312,0.58529,0.57603,0.4309,0.61027,0.6626,3.3867e-05,2.6421e-05,2.5071e-05,1.8877e-05,2.5403e-05,2.5657e-05,2.2113e-05,1.346e-05,2.8903e-05,1.6857e-05,0.0058669,0.0051822,0.005058,0.0043706,0.0050856,0.0051017,0.0047359,0.0036866,0.0054144,0.0041255
88.75,0.63725,0.62681,0.63436,0.51706,0.73162,0.59061,0.57898,0.42581,0.59473,0.64741,3.4338e-05,2.6478e-05,2.5603e-05,1.8901e-05,2.5402e-05,2.5719e-05,2.1895e-05,1.3346e-05,2.8681e-05,1.685e-05,0.0059073,0.0051869,0.0051107,0.0043732,0.0050856,0.0051085,0.0047128,0.003671,0.005394,0.0041248
89,0.6393,0.64036,0.62583,0.52098,0.7414,0.59166,0.57804,0.41942,0.63462,0.64664,3.4158e-05,2.6145e-05,2.5573e-05,1.914e-05,2.5084e-05,2.5719e-05,2.1863e-05,1.3213e-05,2.8349e-05,1.6876e-05,0.0058922,0.0051534,0.0051071,0.0044003,0.0050534,0.0051087,0.0047094,0.0036529,0.0053637,0.004128
89.25,0.645,0.63879,0.63535,0.52537,0.72971,0.59552,0.58816,0.43076,0.63064,0.62899,3.4158e-05,2.6136e-05,2.556e-05,1.9189e-05,2.5921e-05,2.6484e-05,2.3065e-05,1.3192e-05,2.9344e-05,1.8062e-05,0.005892,0.0051522,0.005105,0.0044058,0.0051376,0.0051849,0.0048364,0.0036499,0.0054574,0.0042712
89.5,0.65094,0.64026,0.64498,0.51087,0.72284,0.60498,0.55173,0.4133,0.66576,0.62718,3.3816e-05,2.6118e-05,2.6184e-05,1.9326e-05,2.6066e-05,2.7244e-05,2.3058e-05,1.3602e-05,3.0356e-05,1.8587e-05,0.0058629,0.0051504,0.0051662,0.0044216,0.0051524,0.0052597,0.0048359,0.0037065,0.0055511,0.0043333
89.75,0.6487,0.63536,0.64332,0.49675,0.71757,0.60598,0.5069,0.42983,0.68964,0.64226,3.384e-05,2.6408e-05,2.649e-05,1.9444e-05,2.5931e-05,2.7323e-05,2.2254e-05,1.3977e-05,3.1162e-05,1.8858e-05,0.0058654,0.0051784,0.0051959,0.0044347,0.0051383,0.0052684,0.0047504,0.0037574,0.0056248,0.0043651
90,0.64654,0.63605,0.63192,0.50549,0.73843,0.6012,0.49472,0.41758,0.73502,0.64527,3.4175e-05,2.661e-05,2.6244e-05,1.9356e-05,2.7257e-05,2.7325e-05,2.1272e-05,1.3946e-05,3.5362e-05,1.8988e-05,0.005894,0.0051975,0.0051716,0.0044243,0.0052674,0.0052688,0.0046444,0.0037536,0.0059935,0.0043805
90.25,0.66879,0.63914,0.62819,0.50097,0.73777,0.62807,0.4941,0.41501,0.72257,0.63886,3.4366e-05,2.6499e-05,2.5364e-05,1.9361e-05,2.7804e-05,2.7038e-05,2.134e-05,1.4378e-05,3.675e-05,1.8995e-05,0.0059105,0.0051862,0.0050845,0.0044246,0.0053198,0.0052405,0.0046521,0.0038119,0.0061106,0.0043816
90.5,0.68376,0.64241,0.62489,0.50339,0.74562,0.62139,0.50773,0.38266,0.76132,0.64062,3.4914e-05,2.6799e-05,2.5162e-05,2.0067e-05,2.8568e-05,2.6812e-05,2.1716e-05,1.4079e-05,3.7242e-05,1.8994e-05,0.0059568,0.005215,0.0050641,0.0045049,0.005392,0.0052191,0.0046933,0.0037723,0.0061519,0.0043819
90.75,0.67807,0.63792,0.6279,0.526,0.74661,0.61167,0.50419,0.38207,0.77682,0.63643,3.5041e-05,2.6823e-05,2.4842e-05,2.103e-05,2.8643e-05,2.71e-05,2.1679e-05,1.4155e-05,3.9223e-05,1.94e-05,0.0059676,0.0052171,0.0050319,0.0046123,0.0053988,0.005247,0.0046895,0.0037827,0.006315,0.0044286
91,0.68957,0.63603,0.62945,0.55453,0.75497,0.61441,0.48936,0.3654,0.78603,0.63184,3.5673e-05,2.6944e-05,2.4852e-05,2.254e-05,2.9253e-05,2.6862e-05,2.1376e-05,1.4321e-05,4.1335e-05,1.9494e-05,0.006021,0.0052287,0.0050327,0.0047757,0.0054559,0.0052242,0.0046573,0.0038049,0.0064846,0.0044396
91.25,0.68998,0.63094,0.62974,0.58441,0.73153,0.61863,0.46891,0.33751,0.75421,0.63035,3.6028e-05,2.667e-05,2.503e-05,2.3831e-05,2.8981e-05,2.7102e-05,2.0676e-05,1.366e-05,4.0939e-05,1.943e-05,0.0060505,0.0052021,0.0050507,0.0049115,0.0054309,0.0052474,0.004581,0.003716,0.0064548,0.0044328
91.5,0.68029,0.61947,0.64062,0.5702,0.73445,0.61246,0.44218,0.36402,0.74785,0.63999,3.6087e-05,2.6461e-05,2.6143e-05,2.3861e-05,2.9655e-05,2.7102e-05,1.9939e-05,1.2672e-05,4.0186e-05,1.9417e-05,0.0060558,0.0051819,0.0051625,0.0049151,0.0054935,0.0052476,0.0044995,0.0035788,0.0063959,0.0044318
91.75,0.68614,0.61179,0.67028,0.56061,0.70676,0.6152,0.46562,0.35996,0.74742,0.64838,3.6606e-05,2.5821e-05,2.7072e-05,2.3916e-05,2.9435e-05,2.7529e-05,1.9619e-05,1.2922e-05,3.9935e-05,1.926e-05,0.0061004,0.0051195,0.0052543,0.0049207,0.0054735,0.0052881,0.0044645,0.0036138,0.0063765,0.0044142
92,0.65099,0.6093,0.68351,0.55871,0.70114,0.61763,0.51929,0.35706,0.74669,0.64444,3.731e-05,2.5239e-05,2.8367e-05,2.3898e-05,2.9241e-05,2.7803e-05,2.2364e-05,1.2933e-05,4.0087e-05,1.9252e-05,0.0061586,0.0050618,0.0053789,0.0049186,0.0054563,0.0053141,0.0047678,0.0036153,0.0063889,0.0044137
92.25,0.65453,0.60311,0.66107,0.56123,0.70949,0.61643,0.54767,0.36227,0.74948,0.64165,3.7901e-05,2.5164e-05,2.8189e-05,2.4209e-05,2.9343e-05,2.7601e-05,2.3962e-05,1.3338e-05,3.9791e-05,1.9238e-05,0.0062072,0.0050544,0.0053618,0.0049502,0.0054668,0.0052949,0.0049359,0.0036713,0.0063658,0.0044127
92.5,0.66126,0.6113,0.64502,0.56111,0.67799,0.61752,0.55602,0.37481,0.74467,0.64259,3.8313e-05,2.4846e-05,2.772e-05,2.4222e-05,2.9955e-05,2.7766e-05,2.3999e-05,1.3579e-05,3.973e-05,1.926e-05,0.006241,0.0050226,0.0053161,0.0049515,0.0055234,0.0053107,0.0049401,0.0037043,0.0063614,0.0044159
92.75,0.66765,0.60968,0.64206,0.56011,0.68324,0.62806,0.57088,0.39724,0.75651,0.64514,3.8865e-05,2.4839e-05,2.7408e-05,2.4313e-05,3.0533e-05,2.7581e-05,2.4852e-05,1.4162e-05,3.9234e-05,1.9381e-05,0.0062858,0.0050219,0.0052857,0.0049605,0.0055761,0.005293,0.0050279,0.0037828,0.0063223,0.0044304
93,0.6681,0.59942,0.62895,0.55643,0.68595,0.62591,0.54633,0.41571,0.76125,0.65358,3.9126e-05,2.4758e-05,2.8101e-05,2.4245e-05,3.0939e-05,2.7575e-05,2.4757e-05,1.4487e-05,3.9853e-05,2.0133e-05,0.0063069,0.0050135,0.0053513,0.0049527,0.0056128,0.0052924,0.0050185,0.0038256,0.0063717,0.0045167
93.25,0.66881,0.61076,0.62927,0.53156,0.69082,0.61731,0.52941,0.41355,0.76052,0.6503,3.8582e-05,2.3804e-05,2.6245e-05,2.369e-05,3.1487e-05,2.7669e-05,2.4411e-05,1.4483e-05,4.0278e-05,2.0083e-05,0.006263,0.0049153,0.0051701,0.0048953,0.0056621,0.0053021,0.004983,0.0038251,0.0064057,0.004512
93.5,0.6756,0.60161,0.63186,0.53511,0.69794,0.63727,0.51693,0.41272,0.76531,0.65344,3.9343e-05,2.3721e-05,2.4818e-05,2.2918e-05,3.2007e-05,2.7862e-05,2.3541e-05,1.443e-05,4.075e-05,2.0261e-05,0.0063255,0.0049065,0.0050269,0.0048145,0.0057086,0.0053214,0.0048932,0.0038181,0.0064432,0.0045327
93.75,0.66935,0.59107,0.62922,0.54528,0.69298,0.62981,0.50419,0.42079,0.77627,0.66828,3.9013e-05,2.3311e-05,2.4748e-05,2.3225e-05,3.192e-05,2.7898e-05,2.3222e-05,1.4369e-05,4.2078e-05,2.1761e-05,0.0062999,0.0048638,0.0050198,0.0048462,0.0057011,0.005325,0.0048601,0.0038103,0.0065472,0.0046986
94,0.66825,0.5912,0.64149,0.54355,0.6858,0.61487,0.51924,0.41722,0.77965,0.73167,3.9044e-05,2.2949e-05,2.4977e-05,2.293e-05,3.1899e-05,2.7663e-05,2.2666e-05,1.4268e-05,4.3001e-05,2.3978e-05,0.0063028,0.0048257,0.0050431,0.0048155,0.0056994,0.0053023,0.0048016,0.0037968,0.0066186,0.0049333
94.25,0.68469,0.61628,0.63599,0.54787,0.68475,0.60327,0.51828,0.4209,0.77599,0.74977,3.9121e-05,2.3485e-05,2.4981e-05,2.2959e-05,3.1932e-05,2.6725e-05,2.2659e-05,1.4688e-05,4.3363e-05,2.6245e-05,0.0063095,0.004882,0.005044,0.0048186,0.0057026,0.0052106,0.0048012,0.0038526,0.0066466,0.0051626
94.5,0.69016,0.61003,0.63655,0.55701,0.70609,0.60232,0.51634,0.4152,0.76361,0.74536,3.9097e-05,2.3207e-05,2.4617e-05,2.3104e-05,3.1964e-05,2.62e-05,2.2656e-05,1.4666e-05,4.3081e-05,2.6943e-05,0.0063069,0.0048537,0.0050075,0.0048335,0.0057057,0.0051581,0.0048011,0.00385,0.0066259,0.0052318
94.75,0.65569,0.62736,0.63604,0.55309,0.70053,0.59528,0.50872,0.42934,0.76458,0.72788,3.8728e-05,2.5117e-05,2.495e-05,2.2951e-05,3.2096e-05,2.5873e-05,2.2127e-05,1.4864e-05,4.3033e-05,2.6817e-05,0.0062775,0.0050505,0.0050419,0.0048176,0.005718,0.0051251,0.0047454,0.0038756,0.0066228,0.0052206
95,0.67429,0.63609,0.62594,0.55516,0.697,0.551,0.49748,0.44729,0.76325,0.73282,3.7281e-05,2.6229e-05,2.5045e-05,2.3268e-05,3.1842e-05,2.5251e-05,2.1769e-05,1.5207e-05,4.3755e-05,2.6734e-05,0.006159,0.0051619,0.005052,0.0048508,0.005696,0.0050627,0.0047074,0.00392,0.0066778,0.0052132
95.25,0.68031,0.63967,0.61452,0.55588,0.69288,0.59454,0.52588,0.45206,0.75404,0.7274,3.7625e-05,2.6736e-05,2.4222e-05,2.3448e-05,3.1669e-05,2.2703e-05,2.1588e-05,1.5348e-05,4.372e-05,2.7074e-05,0.0061884,0.0052122,0.0049692,0.0048695,0.0056811,0.0047994,0.0046881,0.0039383,0.006675,0.0052471
95.5,0.69354,0.63005,0.61313,0.5642,0.69982,0.59482,0.51629,0.4479,0.75676,0.72552,3.8882e-05,2.6718e-05,2.3571e-05,2.3475e-05,3.14e-05,2.2666e-05,2.1505e-05,1.5348e-05,4.3505e-05,2.7119e-05,0.0062924,0.0052108,0.0049029,0.0048724,0.0056578,0.0047952,0.0046793,0.0039385,0.0066588,0.0052521
95.75,0.72139,0.6334,0.61137,0.56635,0.69451,0.59955,0.50702,0.44874,0.75635,0.72028,4.1829e-05,2.6859e-05,2.3054e-05,2.3742e-05,3.1485e-05,2.2679e-05,2.17e-05,1.5348e-05,4.3501e-05,2.7065e-05,0.0065284,0.0052249,0.0048496,0.0049,0.0056656,0.0047963,0.0047005,0.0039387,0.0066589,0.0052473
96,0.73694,0.63132,0.60974,0.56485,0.69458,0.60232,0.52162,0.4518,0.74443,0.72012,4.4459e-05,2.6865e-05,2.3133e-05,2.3523e-05,3.1551e-05,2.2807e-05,2.268e-05,1.5346e-05,4.379e-05,2.743e-05,0.0067325,0.0052256,0.004858,0.0048777,0.0056716,0.0048098,0.0048053,0.0039385,0.0066804,0.0052835
96.25,0.71434,0.61547,0.62244,0.56328,0.69986,0.57387,0.51453,0.44205,0.73013,0.71556,4.4737e-05,2.6179e-05,2.3654e-05,2.3453e-05,3.237e-05,2.2692e-05,2.2785e-05,1.5816e-05,4.2388e-05,2.7388e-05,0.0067549,0.0051591,0.0049121,0.0048706,0.0057443,0.004798,0.0048165,0.003999,0.0065717,0.0052802
96.5,0.71139,0.62385,0.64166,0.55928,0.69587,0.59783,0.51686,0.45881,0.71394,0.71744,4.4746e-05,2.5877e-05,2.4882e-05,2.3393e-05,3.25e-05,2.233e-05,2.2573e-05,1.6229e-05,4.0922e-05,2.7443e-05,0.0067564,0.0051294,0.0050375,0.0048647,0.0057556,0.0047601,0.0047946,0.0040517,0.006456,0.0052859
96.75,0.71271,0.62966,0.65624,0.56076,0.70574,0.60726,0.52174,0.42688,0.72518,0.71458,4.4979e-05,2.6137e-05,2.5215e-05,2.3152e-05,3.3549e-05,2.294e-05,2.3217e-05,1.6291e-05,3.8618e-05,2.7158e-05,0.0067751,0.005155,0.0050711,0.0048399,0.0058475,0.0048251,0.0048623,0.0040596,0.0062707,0.0052592
97,0.7178,0.64603,0.65356,0.56091,0.70028,0.60939,0.54864,0.42089,0.74243,0.71216,4.5713e-05,2.7218e-05,2.4746e-05,2.3215e-05,3.3766e-05,2.3628e-05,2.2773e-05,1.6073e-05,3.7872e-05,2.7423e-05,0.0068318,0.0052601,0.0050232,0.004847,0.0058662,0.0048972,0.0048151,0.0040329,0.0062096,0.0052851
97.25,0.72115,0.62344,0.64907,0.57363,0.70032,0.58215,0.55511,0.43176,0.73979,0.72082,4.6302e-05,2.7025e-05,2.4819e-05,2.4786e-05,3.3913e-05,2.2475e-05,2.31e-05,1.6814e-05,3.7798e-05,2.7838e-05,0.0068774,0.0052411,0.0050308,0.0050092,0.005879,0.0047755,0.0048495,0.0041247,0.0062043,0.0053252
97.5,0.71766,0.62918,0.64431,0.60994,0.68816,0.58914,0.56613,0.39627,0.73902,0.73547,4.6532e-05,2.7e-05,2.4851e-05,2.603e-05,3.4299e-05,2.2187e-05,2.3746e-05,1.6735e-05,3.7499e-05,2.9109e-05,0.0068958,0.0052385,0.0050343,0.005134,0.005913,0.0047445,0.0049167,0.0041153,0.0061807,0.0054454
97.75,0.71973,0.64158,0.64631,0.62178,0.69771,0.59117,0.56405,0.40591,0.73928,0.73057,4.6263e-05,2.7103e-05,2.5047e-05,2.6992e-05,3.541e-05,2.2182e-05,2.3928e-05,1.7164e-05,3.8129e-05,2.9523e-05,0.0068777,0.0052489,0.0050545,0.0052289,0.0060089,0.004744,0.0049356,0.0041683,0.0062339,0.0054843
98,0.71808,0.64014,0.64428,0.61981,0.71185,0.58442,0.55768,0.40633,0.74278,0.72749,4.6249e-05,2.5304e-05,2.4981e-05,2.7174e-05,3.6759e-05,2.1932e-05,2.3705e-05,1.7252e-05,3.859e-05,2.9639e-05,0.0068782,0.0050712,0.0050478,0.0052472,0.0061232,0.004717,0.004913,0.0041794,0.0062729,0.0054954
98.25,0.71099,0.61795,0.64518,0.6383,0.70286,0.56536,0.58162,0.40107,0.74721,0.72034,4.6206e-05,2.4479e-05,2.5063e-05,2.8284e-05,3.6798e-05,2.1855e-05,2.4375e-05,1.7281e-05,3.9137e-05,2.9367e-05,0.0068759,0.0049874,0.0050565,0.0053541,0.0061269,0.0047082,0.004982,0.0041833,0.0063183,0.0054708
98.5,0.71583,0.62764,0.64577,0.63566,0.69644,0.58531,0.57757,0.39678,0.76284,0.71771,4.673e-05,2.3196e-05,2.5128e-05,2.7991e-05,3.6808e-05,2.0916e-05,2.4269e-05,1.7299e-05,4.0811e-05,2.9227e-05,0.0069152,0.0048546,0.0050633,0.0053273,0.0061281,0.0046055,0.004971,0.0041859,0.0064535,0.0054585
98.75,0.70612,0.6315,0.64752,0.64347,0.69665,0.58593,0.56296,0.43164,0.77677,0.72332,4.6704e-05,2.3207e-05,2.5352e-05,2.8135e-05,3.6831e-05,2.0938e-05,2.5087e-05,1.7638e-05,4.3025e-05,2.9079e-05,0.0069144,0.0048558,0.0050864,0.0053418,0.0061303,0.0046079,0.005055,0.0042277,0.0066279,0.0054452
99,0.7102,0.61541,0.6421,0.6405,0.69743,0.59328,0.56419,0.4259,0.81583,0.72929,4.7048e-05,2.3095e-05,2.5253e-05,2.8175e-05,3.6887e-05,2.0529e-05,2.523e-05,1.7191e-05,4.5558e-05,2.946e-05,0.0069398,0.0048439,0.0050768,0.005346,0.0061353,0.0045633,0.0050703,0.004174,0.0068218,0.0054805
99.25,0.70972,0.63985,0.64218,0.63121,0.69218,0.59488,0.57616,0.47698,0.79919,0.73974,4.6717e-05,2.2597e-05,2.5394e-05,2.8512e-05,3.7478e-05,2.0835e-05,2.5467e-05,1.7604e-05,4.5621e-05,3.0455e-05,0.0069165,0.0047909,0.0050908,0.0053775,0.0061854,0.0045976,0.0050947,0.0042244,0.0068286,0.005572
99.5,0.70478,0.64113,0.6565,0.6257,0.70373,0.60801,0.58693,0.49091,0.78762,0.74331,4.6702e-05,2.3243e-05,2.5189e-05,2.841e-05,3.8595e-05,2.1892e-05,2.5757e-05,1.8042e-05,4.5574e-05,3.1088e-05,0.0069162,0.0048587,0.0050698,0.0053677,0.006278,0.0047137,0.0051242,0.0042775,0.006826,0.0056296
99.75,0.70833,0.66967,0.65718,0.61605,0.71888,0.61894,0.58146,0.50655,0.78548,0.74116,4.6564e-05,2.3984e-05,2.5272e-05,2.8165e-05,4.0291e-05,2.2258e-05,2.5761e-05,1.8514e-05,4.5765e-05,3.142e-05,0.0069067,0.0049352,0.0050782,0.0053446,0.006416,0.0047538,0.005125,0.0043337,0.0068415,0.0056596
